Track URI,Track Name,Album Name,Artist Name(s),Release Date,Duration (ms),Popularity,Explicit,Added By,Added At,Genres,Record Label,Danceability,Energy,Key,Loudness,Mode,Speechiness,Acousticness,Instrumentalness,Liveness,Valence,Tempo,Time Signature,language,primary_genre,mbti_personality
spotify:track:39tEWctWn3a4fmocz97cXg,說好不哭,最偉大的作品,周杰倫;五月天 阿信,2022-07-14,220693,55,false,,2023-09-21T15:50:00Z,"華語流行,華語流行樂,台灣流行樂,古風歌曲,粵語流行樂,華語節奏藍調",JVR MUSIC INTERNATIONAL LTD.,0.54,0.36,10,-11.243,1,0.031,0.531,0,0.0795,0.383,75.931,4,Chinese,Mandopop,INFP
spotify:track:1bkvGbgK4HU8B7Ue4k7O7I,光年之外 (電影 《Passengers》 中國區主題曲),光年之外 (電影 《Passengers》 中國區主題曲),鄧紫棋,2016-12-30,235505,65,false,,2023-09-21T15:50:00Z,"華語流行,華語流行樂,粵語流行樂,台灣流行樂,古風歌曲",Hummingbird Music Ltd.,0.539,0.668,1,-6.825,0,0.0825,0.4,0,0.0864,0.238,175.867,4,Chinese,Mandopop,ISTP
spotify:track:13AruKdh8wJhWx6i5dV8X1,後來的我們,自傳,五月天,2016-07-21,346282,64,false,,2023-09-21T15:50:00Z,"華語流行,台灣流行樂,華語流行樂,華語搖滾樂",Bin Music International Limited,0.486,0.637,0,-2.666,1,0.028,0.0116,0,0.0834,0.217,77.972,4,Chinese,Mandopop,ISTJ
spotify:track:1MGgqiQkHHiI9DarZulc12,不為誰而作的歌,和自己對話,林俊傑,2015-12-25,265989,62,false,,2023-09-21T15:50:00Z,"華語流行,華語流行樂,台灣流行樂",JFJ PRODUCTIONS CORP. LIMITED,0.354,0.621,2,-6.794,1,0.0339,0.549,0,0.111,0.255,144.095,4,Chinese,Mandopop,ISTP
spotify:track:5cU1O9P0EDA0rPkPDykhIm,怎麼了,終於了解自由 (Deluxe),周興哲,2019-12-24,321040,65,false,,2023-09-21T15:50:00Z,"華語流行,華語流行樂,台灣流行樂,華語節奏藍調",Sony Music Entertainment,0.502,0.565,9,-7.779,1,0.0358,0.696,0.0000555,0.156,0.253,139.926,4,Chinese,Mandopop,ISTP
spotify:track:2uHMTG5xr9Xk7MrXIWrVUH,玫瑰少年,Ugly Beauty,JOLIN蔡依林,2018-12-25,191718,54,false,,2023-09-21T15:50:00Z,"華語流行,華語流行樂,台灣流行樂",Eternal Music Production Company Ltd,0.648,0.716,10,-6.657,0,0.0401,0.0577,0.0000216,0.09,0.287,98.014,4,Chinese,Mandopop,ESFJ
spotify:track:3LlQoKvVnkVvq3KC8anUn8,連名帶姓,偷故事的人,張惠妹,2017-12-12,333546,66,false,,2023-09-21T15:50:00Z,"華語流行,台灣流行樂,華語流行樂,粵語流行樂",Mei Entertainment Ltd,0.336,0.325,8,-6.891,1,0.0369,0.896,0,0.116,0.261,71.917,1,Chinese,Mandopop,ISTJ
spotify:track:7tgzj2IqzSgUpxUhjmcF5m,披星戴月的想你,我肯定在幾百年前就說過愛你,告五人,2019-06-14,349773,60,false,,2023-09-21T15:50:00Z,"台灣獨立音樂,華語獨立音樂,華語流行,台灣流行樂,華語流行樂,華語搖滾樂",Bin Music International Limited,0.692,0.453,9,-7.131,1,0.0299,0.263,0.000549,0.0836,0.351,99.976,4,Chinese,Mandopop,INTJ
spotify:track:07MNtfddtgCo6VrUm3O9dw,讓我留在你身邊,讓我留在你身邊,陳奕迅,2016-12-01,185383,59,false,,2023-09-21T15:50:00Z,"粵語流行樂,華語流行,華語流行樂,台灣流行樂",Cinepoly Records Co. Ltd.,0.303,0.653,1,-4.258,1,0.0434,0.0539,0,0.121,0.261,169.692,4,Chinese,Mandopop,ENTJ
spotify:track:6m2I6ZyWRkxjBrrLVQILfl,愛情你比我想的閣較偉大 (《當男人戀愛時》電影主題曲),愛情你比我想的閣較偉大 (《當男人戀愛時》電影主題曲),茄子蛋,2021-03-15,232400,63,false,,2023-09-21T15:50:00Z,"台灣獨立音樂,台灣流行樂,華語獨立音樂,華語流行,華語搖滾樂,華語流行樂",WM Taiwan,0.665,0.654,9,-6.949,0,0.0707,0.00272,0.00112,0.109,0.754,149.973,4,Chinese,Mandopop,ENFP
spotify:track:2MBFevxaJ6bX6Lp7jt3UG1,失落沙洲,徐佳瑩LaLa首張創作專輯,徐佳瑩,2009-05-29,299346,57,false,,2023-09-21T15:50:00Z,"華語流行,台灣流行樂,華語流行樂,古風歌曲",AsiaMuse,0.422,0.366,7,-7.181,1,0.0333,0.728,0,0.112,0.224,80.197,4,Chinese,Mandopop,ISTJ
spotify:track:3NNDJfWMGHuNpvHWTImmlW,慢冷,我好嗎? - 太陽如常升起,梁靜茹,2019-05-16,289604,65,false,,2023-09-21T15:50:00Z,"華語流行,台灣流行樂,華語流行樂",Universal Music Taiwan,0.521,0.471,4,-8.247,1,0.0317,0.786,0,0.105,0.269,92.054,4,Chinese,Mandopop,ISTP
spotify:track:0KWnRv3wxjltYVB3MqjNd2,Without You,#osnrap,高爾宣 OSN,2019-04-30,175500,63,true,,2023-09-21T15:50:00Z,"華語節奏藍調,華語嘻哈樂,華語流行,台灣流行樂,華語流行樂","史科特音樂股份有限公司 SKR Co., Ltd.",0.662,0.698,11,-4.613,1,0.079,0.573,0,0.11,0.29,80.005,4,Chinese,Mandopop,ENFP
spotify:track:6XY80Ofqd8j0SGiEdRLwCp,年少有為,耳朵,李榮浩,2018-10-17,279146,65,false,,2023-09-21T15:50:00Z,"華語流行,華語流行樂,台灣流行樂,華語節奏藍調",WM Taiwan,0.518,0.462,10,-8.471,1,0.0277,0.322,0.00000313,0.117,0.289,131.892,4,Chinese,Mandopop,INTP
spotify:track:5DSF1VTSaaAFIesJLlltuM,紅色高跟鞋,若你碰到他,蔡健雅,2009-08-19,206586,64,false,,2023-09-21T15:50:00Z,"華語流行,台灣流行樂,華語流行樂","AsiaMuse Entertainment Co., Ltd.",0.476,0.659,11,-4.898,0,0.0251,0.104,0,0.232,0.492,176.018,4,Chinese,Mandopop,ENTP
spotify:track:2DcmVSLAg0ZzfOQxDshZHY,給我一個理由忘記,寂寞不痛,A-Lin,2011-07-08,285546,64,false,,2023-09-21T15:50:00Z,"華語流行,台灣流行樂,華語流行樂,古風歌曲",Avex Taiwan Inc.,0.399,0.512,8,-5.801,1,0.0357,0.583,0,0.104,0.197,133.175,4,Chinese,Mandopop,ISTP
spotify:track:3OC84eKMxRJ4x0Hcwl9i4i,刻在我心底的名字 (Your Name Engraved Herein) - 電影<刻在你心底的名字>主題曲,刻在我心底的名字 (Your Name Engraved Herein),盧廣仲,2020-08-25,320165,66,false,,2023-09-21T15:50:00Z,"華語流行,台灣流行樂,台灣獨立音樂,華語流行樂,華語獨立音樂",Team Ear Music,0.425,0.201,10,-11.961,1,0.0373,0.873,0,0.111,0.267,136.328,4,Chinese,Mandopop,ISTP
spotify:track:3xJK8ywApYVEYIDhymYMC6,遇見,The Moment,孫燕姿,2003,209760,70,false,,2023-09-21T15:50:00Z,"華語流行,台灣流行樂,華語流行樂,粵語流行樂",WM Taiwan,0.631,0.233,8,-13.016,1,0.0329,0.841,0.00000324,0.228,0.442,91.864,4,Chinese,Mandopop,INFP
spotify:track:72OVnXDzugvrCU25lMi9au,"如果可以 - 電影""月老""主題曲","如果可以 (電影""月老""主題曲)",韋禮安,2021-11-05,274400,67,false,,2023-09-21T15:50:00Z,"華語流行,台灣流行樂,華語流行樂,華語節奏藍調",Sony Music Entertainment,0.54,0.54,3,-6.368,1,0.029,0.241,0,0.351,0.372,74.969,4,Chinese,Mandopop,INFJ
spotify:track:4E5PyVOBH25CICgTURwGXM,CHANGE,Outta Body靈魂出竅,瘦子E.SO,2020-07-10,161632,52,false,,2023-09-21T15:50:00Z,"華語嘻哈樂,華語流行,華語節奏藍調,台灣流行樂,華語流行樂","Rock Records Co., Ltd.",0.737,0.519,7,-7.861,1,0.36,0.705,0,0.1,0.588,97.857,4,English,Mandopop,INFP
spotify:track:5CcqjfODDoSpI1xuTg9NCC,兜圈,必娶女人 (電視原聲帶),林宥嘉,2015-11-20,243733,52,false,,2023-09-21T15:50:00Z,"華語流行,台灣流行樂,華語流行樂,華語節奏藍調,台灣獨立音樂,粵語流行樂",HIM International Music Inc.,0.587,0.366,7,-7.51,1,0.0344,0.819,0,0.121,0.305,117.959,4,Chinese,Mandopop,INFP
spotify:track:5R3KGS53DCrlbi6cxECAEH,無人知曉,無人知曉,田馥甄,2020-09-25,288733,56,false,,2023-09-21T15:50:00Z,"華語流行,華語流行樂,台灣流行樂",何樂音樂有限公司,0.471,0.432,4,-7.846,0,0.0454,0.859,0,0.0915,0.159,129.386,4,Chinese,Mandopop,ISTP
spotify:track:0BuTVSIbiQGdxW7njjKng7,讓我為你唱情歌,欲望反光,蕭敬騰,2018-06-22,251000,51,false,,2023-09-21T15:50:00Z,"華語流行,台灣流行樂,華語流行樂,華語搖滾樂",WM Taiwan,0.377,0.682,3,-3.795,1,0.0312,0.0905,0,0.163,0.42,171.106,4,Chinese,Mandopop,ENTJ
spotify:track:7uoMF8aYcagKbt5m5wi4MH,年輪說,年輪說,楊丞琳,2016-09-30,266453,55,false,,2023-09-21T15:50:00Z,"華語流行,台灣流行樂,華語流行樂","Tian Di He Entertainment Co., Ltd",0.463,0.368,4,-9.821,1,0.05,0.768,0,0.115,0.312,147.619,4,Chinese,Mandopop,INFP
spotify:track:49AQAXswd32dFJUWOegVWO,Last Dance,愛情的盡頭,伍佰,1996-06-18,271533,58,false,,2023-09-21T15:50:00Z,"華語搖滾樂,台灣流行樂,華語流行,華語獨立音樂,台灣獨立音樂,華語流行樂","Rock Records Co., Ltd.",0.463,0.62,6,-7.27,0,0.0289,0.0158,0.00000126,0.195,0.492,151.311,4,English,Mandopop,ENTP
spotify:track:4cDVX9pSt4UQEVbbXKodW6,飞鸟和蝉,Ren然,任然,2025-11-25,296006,65,false,,2023-09-21T15:50:00Z,"華語流行,華語流行樂,古風歌曲,華語節奏藍調,台灣流行樂",北京千和世纪文化传播有限公司,0.565,0.563,10,-6.742,1,0.0496,0.741,0,0.226,0.319,147.905,4,Chinese,Mandopop,INFJ
spotify:track:4nyO1azSuhT5JrETvzEahs,你啊你啊 - 電視劇「用九柑仔店」插曲,末路狂花,魏如萱,2016-11-25,324359,54,false,,2023-09-21T15:50:00Z,"台灣獨立音樂,華語獨立音樂,台灣流行樂,華語流行,華語流行樂,華語節奏藍調",Mr.Wing Creative,0.584,0.186,9,-12.512,1,0.037,0.904,0,0.0929,0.178,123.663,4,Chinese,Mandopop,ISTP
spotify:track:3O0TfMcoeKC0u035clU5nX,小情歌（蘇打綠版）,小宇宙（蘇打綠版）,蘇打綠,2022-02-17,276626,48,false,,2023-09-22T11:30:54Z,"華語流行,台灣流行樂,華語流行樂,台灣獨立音樂,華語搖滾樂",Universal Music Taiwan,0.535,0.493,2,-7.846,1,0.0307,0.654,0,0.0673,0.262,131.987,4,Chinese,Mandopop,ISTP
spotify:track:5Sib99jpYybZAicUMETb3h,演员,初学者,薛之謙,2016-07-18,261249,68,false,,2023-09-21T15:50:00Z,"華語流行,華語流行樂,台灣流行樂,華語節奏藍調",潮石音乐,0.702,0.434,11,-10.675,1,0.0303,0.417,0.00000818,0.112,0.183,91.618,4,Chinese,Mandopop,ISTP
spotify:track:0FIRHGE4loKAH5o5ByiqG0,你是不是有點動心,1:28,吳卓源,2017-09-07,268350,47,false,,2023-09-21T15:50:00Z,"華語節奏藍調,華語嘻哈樂,台灣獨立音樂,華語流行,台灣流行樂,華語獨立音樂,華語流行樂",ChynaHouse Digital Co. Ltd,0.591,0.349,3,-9.082,1,0.0363,0.634,0,0.111,0.323,131.927,3,Chinese,Mandopop,INFP
spotify:track:79LVKCDq5n3N2k6dtWP4gP,慢慢喜歡你,我們在中場相遇,莫文蔚,2018-05-31,221447,62,false,,2023-09-21T15:50:00Z,"華語流行,華語流行樂,台灣流行樂,粵語流行樂",Mok-A-Bye Baby Music Limited,0.621,0.309,7,-10.255,1,0.0368,0.877,0.0000254,0.364,0.375,129.759,4,Chinese,Mandopop,INFP
spotify:track:2VEt42QSQxILgEf9B50xxm,不是因為天氣晴朗才愛你,不是因為天氣晴朗才愛你,理想混蛋,2018-08-06,240753,64,false,,2023-09-21T15:50:00Z,"華語流行,台灣獨立音樂,台灣流行樂,華語獨立音樂,華語流行樂",何樂音樂有限公司,0.507,0.271,8,-13.185,1,0.0347,0.753,0.00000123,0.0883,0.399,135.783,4,Chinese,Mandopop,INFP
spotify:track:69zgyr5HVKdInjeKpq1qHa,想見你想見你想見你 - 電視劇《想見你》片尾曲,想見你想見你想見你 (電視劇《想見你》片尾曲),八三夭,2019-11-11,239794,65,false,,2023-09-21T15:50:00Z,"華語流行,台灣流行樂,華語流行樂,華語搖滾樂","Rock Records Co., Ltd.",0.547,0.666,6,-5.694,1,0.0393,0.4,0,0.144,0.43,129.814,4,Chinese,Mandopop,ISTP
spotify:track:3CEkc8f1UDvI7kohz3ARpA,炙愛 - 女聲版,Am I Who I Am,陳忻玥,2020-04-13,181184,55,false,,2023-09-21T15:50:00Z,"華語流行,台灣流行樂,華語流行樂,華語節奏藍調,華語獨立音樂","史科特音樂股份有限公司 SKR Co., Ltd.",0.463,0.505,9,-5.827,1,0.0359,0.26,0,0.114,0.324,75.887,4,Chinese,Mandopop,INTJ
spotify:track:4xNDbq22jC2Vdf6QV2uArL,當你,Begin,王心凌,2003-02-01,203200,51,false,,2023-09-21T15:50:00Z,"華語流行,台灣流行樂,華語流行樂",豐華大聲好樂,0.638,0.646,4,-4.615,1,0.0315,0.661,0,0.105,0.208,135.98,4,Chinese,Mandopop,ISTP
spotify:track:4M7VP5IiIj1saXNFINmxt3,SPOTLIGHT,幹大事,頑童Mj116,2017-11-15,214681,58,false,,2023-09-21T15:50:00Z,"華語嘻哈樂,台灣流行樂,華語流行,華語節奏藍調,華語流行樂","Rock Records Co., Ltd.",0.732,0.729,1,-7.172,0,0.0813,0.186,0.0000157,0.0942,0.234,100.037,4,English,Mandopop,ESFJ
spotify:track:25sQT3yCEgd1uE6LC9ivcs,Forever Young,垂直活著，水平留戀著。,艾怡良,2018-12-21,313906,49,false,,2023-09-21T15:50:00Z,"台灣流行樂,華語流行,華語流行樂,華語獨立音樂",Universal Music Taiwan,0.304,0.226,0,-10.707,1,0.0329,0.929,0,0.161,0.323,139.593,4,Chinese,Mandopop,INFP
spotify:track:4mDGkFRAqaYosoyWUI7QzM,在沒有你以後 (feat. 張智成),要你知道,謝和弦;張智成,2016-08-26,233636,56,false,,2023-09-21T15:50:00Z,"華語流行,台灣流行樂,華語流行樂,華語搖滾樂,華語節奏藍調,馬來西亞流行樂",WM Taiwan,0.517,0.761,9,-6.011,1,0.0351,0.294,0,0.111,0.521,131.985,4,Chinese,Mandopop,ENFJ
spotify:track:2LoGv4HSbilp1SVoQ10Qw6,Black Out (feat. 9m88),ØZI: The Album,ØZI;9m88,2018-07-10,237406,50,false,,2023-09-21T15:50:00Z,"華語節奏藍調,華語嘻哈樂,華語流行,台灣流行樂,台灣獨立音樂,華語流行樂,華語獨立音樂",新樂園 Forbidden Paradise,0.772,0.559,1,-8.735,1,0.124,0.556,0,0.101,0.794,100.056,4,English,Mandopop,ENFJ
spotify:track:5cN75zXR3M4si2toC2eF5C,我真的受傷了,學友．熱,張學友,2001-01-01,208893,54,false,,2023-09-21T15:50:00Z,"粵語流行樂,華語流行,華語流行樂,台灣流行樂",Universal Music Taiwan,0.603,0.0762,7,-21.221,1,0.0325,0.906,0.0000508,0.218,0.371,72.917,4,Chinese,Mandopop,INFP
spotify:track:122XVqEGBM36Lp0XNvsgTV,恆溫,Girls,孫盛希,2014-08-26,260647,54,false,,2023-09-21T15:50:00Z,"華語節奏藍調,台灣獨立音樂,華語流行,台灣流行樂,華語流行樂,華語獨立音樂","Rock Records Co., Ltd.",0.693,0.373,1,-8.31,1,0.0306,0.455,0,0.104,0.27,129.974,5,Chinese,Mandopop,ISTP
spotify:track:69AvckyixY1AIGRYDZ1QnO,我很好騙,都是因為愛,動力火車,2021-04-23,313281,53,false,,2023-09-21T15:50:00Z,"華語流行,台灣流行樂,華語搖滾樂,華語流行樂",HIM International Music Inc.,0.471,0.502,2,-6.357,1,0.0295,0.285,0,0.108,0.201,148.009,4,Chinese,Mandopop,INTJ
spotify:track:1ZSleGniKMWNrWvK5cGALO,路過人間 (電視劇《我們與惡的距離》插曲),路過人間,郁可唯,2019-05-03,247132,55,false,,2023-09-21T15:50:00Z,"古風歌曲,華語流行,華語流行樂,台灣流行樂",HIM International Music Inc.,0.615,0.386,3,-9.799,1,0.0312,0.825,0.00000446,0.115,0.148,129.925,4,Chinese,Mandopop,ISTP
spotify:track:4oELKeBS6hWwN3CTuN6acA,末班車,孤獨的和弦,蕭煌奇,2011-02-01,288666,60,false,,2023-09-21T15:50:00Z,"台灣流行樂,華語流行,華語流行樂",WM Taiwan,0.483,0.332,6,-9.044,0,0.031,0.72,0,0.107,0.162,113.855,4,Chinese,Mandopop,ISTP
spotify:track:3HH9pAwNfQVXYVUbmHxWwn,你不知道的事,十八般武藝,王力宏,2010-08-12,278986,63,false,,2023-09-21T15:50:00Z,"華語流行,華語流行樂,台灣流行樂,華語節奏藍調",寬魚國際股份有限公司,0.488,0.288,1,-9.922,1,0.0253,0.47,0,0.114,0.303,86.993,4,Chinese,Mandopop,INFP
spotify:track:0kcYzEvagMWsp9wL6RxW90,旅行的意義,華麗的冒險,陳綺貞,2005-09-24,256706,56,false,,2023-09-21T15:50:00Z,"台灣流行樂,華語流行,台灣獨立音樂,華語獨立音樂,華語流行樂",Team Ear Music,0.525,0.516,2,-7.931,1,0.0299,0.38,0,0.365,0.25,137.972,4,Chinese,Mandopop,ISTP
spotify:track:0Q4YuuiCuxIIKUw2fb1cmV,我們的愛,飛兒樂團,飛兒樂團,2004-04-23,287026,66,false,,2023-09-21T15:50:00Z,"華語流行,台灣流行樂,華語流行樂",WM Taiwan,0.509,0.646,5,-4.051,0,0.0301,0.502,0.0000123,0.0989,0.135,136.054,4,Chinese,Mandopop,ISTP
spotify:track:2ek6tL3UTd89rWtSv3gHje,來個蹦蹦,LOCAL,玖壹壹;陳嘉樺,2020-09-11,195679,51,false,,2023-09-21T15:50:00Z,"台灣流行樂,華語流行,華語嘻哈樂,華語流行樂","Rock Records Co., Ltd.",0.829,0.87,9,-3.829,0,0.0518,0.133,0,0.203,0.659,116.006,4,Chinese,Mandopop,ENFP
spotify:track:13bw75oRjvxMv9VGIeM32i,愛我還是他,太平盛世,陶喆,2005-08-01,292666,67,false,,2023-09-21T15:50:00Z,"華語流行,華語節奏藍調,台灣流行樂,華語流行樂",Gold Typhoon Taiwan,0.465,0.391,11,-8.029,1,0.0304,0.758,0,0.112,0.152,133.025,4,Chinese,Mandopop,ISTP
spotify:track:4JrGpUQothsSVR6iBhR9NC,飄向北方,亞洲通車,黃明志;王力宏,2016-12-30,269181,55,false,,2023-09-21T15:50:00Z,"華語流行,華語流行樂,台灣流行樂,華語嘻哈樂,粵語流行樂,華語節奏藍調",亞洲通文創有限公司,0.5,0.778,0,-4.658,0,0.126,0.387,0,0.16,0.279,173.906,4,Chinese,Mandopop,ESFJ
spotify:track:2DZLyqxPBCziw1YJOWPCjQ,長途夜車,進擊下半場,滅火器,2017-04-14,186026,54,false,,2023-09-21T15:50:00Z,"台灣獨立音樂,台灣流行樂,華語獨立音樂,華語搖滾樂,華語流行","Fire On Music Co., Ltd.",0.36,0.567,5,-4.458,1,0.0388,0.0894,0,0.137,0.274,102.966,3,Chinese,Mandopop,ISTP
spotify:track:5FGzM47D9MUa0y7qb2D0Ix,猜不透,我愛上的,丁噹,2008-10-07,233360,62,false,,2023-09-21T15:50:00Z,"華語流行,台灣流行樂,華語流行樂,古風歌曲",Bin Music International Limited,0.565,0.455,4,-6.632,1,0.0346,0.56,0,0.115,0.182,139.956,4,Chinese,Mandopop,ISTP
spotify:track:5vL8cgLYwcoQND7z1m2iRN,和平分手,副駕駛座的風景,梁文音;蕭煌奇,2018-05-11,284125,47,false,,2023-09-21T15:50:00Z,"華語流行,台灣流行樂,華語流行樂",Universal Music Taiwan,0.464,0.396,2,-7.098,1,0.0351,0.697,0,0.161,0.342,140.744,4,Chinese,Mandopop,INFP
spotify:track:3jdy4aOla1dwYIqwp69JJN,愛上你算我賤,REAL LIFE,周湯豪,2022-01-07,250941,56,false,,2023-09-21T15:50:00Z,"華語嘻哈樂,華語流行,華語節奏藍調,台灣流行樂,華語流行樂",Universal Music Taiwan,0.478,0.738,6,-4.464,0,0.0414,0.00432,0,0.154,0.353,163.994,4,Chinese,Mandopop,ENTJ
spotify:track:6439IQyiZV5I7aOo8UREgm,擋一根,電火王,美秀集團,2018-08-22,236133,58,false,,2023-09-21T15:50:00Z,"台灣獨立音樂,華語獨立音樂,台灣流行樂,華語搖滾樂,華語流行",Amazing Show,0.518,0.8,6,-6.412,0,0.0452,0.0799,0,0.098,0.43,76.064,4,Chinese,Mandopop,ESFJ
spotify:track:2qkJkRmcgpdVhdEhz3GcFX,十七,十七,S.H.E,2018-08-30,308693,45,false,,2023-09-21T15:50:00Z,"華語流行,台灣流行樂,華語流行樂",HIM International Music Inc.,0.47,0.563,2,-4.893,1,0.036,0.137,0,0.137,0.374,149.881,4,Chinese,Mandopop,ENTJ
spotify:track:2Ub5ZGPsej0A6YpvzhntLL,輸情歌,巷子內,J.Sheon,2019-11-25,224653,55,false,,2023-09-21T15:50:00Z,"華語節奏藍調,華語流行,華語嘻哈樂,華語流行樂,台灣獨立音樂,台灣流行樂,華語獨立音樂",Sony Music Entertainment,0.633,0.327,5,-8.225,1,0.0431,0.784,0,0.185,0.557,149.959,4,Chinese,Mandopop,INFP
spotify:track:5l94Up12BJSjhH7Mhr2ji4,紅豆,唱遊,王菲,1998-10-01,256026,60,false,,2023-09-21T15:50:00Z,"粵語流行樂,華語流行,華語流行樂,台灣流行樂,華語獨立音樂",KC Digital,0.554,0.408,0,-10.609,1,0.0317,0.27,0.00000653,0.26,0.17,111.821,4,Chinese,Mandopop,INTJ
spotify:track:0VUORVhLmsxKTSwg4P9CrB,山海,醜奴兒,草東沒有派對,2016-02-19,251053,55,false,,2023-09-21T15:50:00Z,"台灣獨立音樂,華語搖滾樂,華語獨立音樂,台灣流行樂,華語流行",草東沒有派對,0.561,0.676,11,-10.49,0,0.0645,0.0543,0.0557,0.106,0.306,160.044,4,Chinese,Mandopop,ESFJ
spotify:track:6yh3aP8HuImur7v8p1P8fz,"起風了 (電視劇《加油, 你是最棒的》主題曲)","起風了 (電視劇《加油, 你是最棒的》主題曲)",吳青峰,2019-01-11,313565,60,false,,2023-09-21T15:50:00Z,"華語流行,華語流行樂,華語獨立音樂,台灣流行樂,古風歌曲",北京智慧大狗文化傳媒有限公司,0.549,0.396,3,-7.788,1,0.0268,0.487,0,0.144,0.502,73.986,4,Chinese,Mandopop,INFP
spotify:track:5oSEjCvds0BrkQ2dVDHRpF,所謂的愛,同在,小宇 宋念宇,2017-04-07,192813,49,false,,2023-09-21T15:50:00Z,"華語節奏藍調,華語流行,台灣流行樂,華語流行樂",WM Taiwan,0.447,0.613,3,-7.644,1,0.0668,0.517,0,0.279,0.248,75.922,4,Chinese,Mandopop,ISTJ
spotify:track:3kcnCi8MfkMqFKeznqEEOE,遺失的美好,Over The Rainbow,張韶涵,2004-04-01,261933,54,false,,2023-09-21T15:50:00Z,"華語流行,台灣流行樂,華語流行樂",Linfair,0.619,0.335,5,-9.407,1,0.0294,0.862,0,0.0742,0.209,99.824,4,Chinese,Mandopop,ISTP
spotify:track:0bIbgooxvBkww2ZGeu8VMR,天黑請閉眼,天黑請閉眼,陳零九;邱鋒澤 Feng Ze,2019-05-09,286832,54,false,,2023-09-21T15:50:00Z,"華語流行,台灣流行樂,華語流行樂,華語節奏藍調,粵語流行樂","Rock Records Co., Ltd.",0.534,0.731,0,-5.558,1,0.0562,0.28,0,0.0914,0.425,169.928,4,Chinese,Mandopop,ENTJ
spotify:track:6mO5fCJKvB9tr5RAFvBO7z,家家酒,還是想念,家家,2016-12-30,273405,60,false,,2023-09-21T15:50:00Z,"華語流行,台灣流行樂,華語流行樂,古風歌曲",Bin Music International Limited,0.552,0.543,6,-6.272,1,0.0277,0.421,0,0.107,0.181,132.103,4,Chinese,Mandopop,ISTP
spotify:track:2fc2vUA5H3mTAr9rQoBDKt,愛我別走,祕密基地,張震嶽,1998-12-11,284466,63,false,,2023-09-21T15:50:00Z,"華語流行,台灣流行樂,華語流行樂,華語搖滾樂,台灣獨立音樂,華語獨立音樂","Rock Records Co., Ltd.",0.646,0.356,0,-10.804,1,0.0268,0.552,0.00000163,0.0964,0.684,90.079,4,Chinese,Mandopop,INFP
spotify:track:0mDynC7lAwQyeXevpyDwhV,夢中的情話,紅線,江蕙;阿杜,2002-12-01,289360,51,false,,2023-09-21T15:50:00Z,"台灣流行樂,華語流行,演歌,華語流行樂",阿爾發音樂股份有限公司,0.558,0.468,11,-6.19,0,0.0278,0.314,0.0005,0.18,0.255,123.985,4,Chinese,Mandopop,INTP
spotify:track:13tJ9Mkj7cjXxrTjOh0LAN,關於小熊,收斂水,蛋堡,2009-07-22,316920,55,true,,2023-09-21T15:50:00Z,"華語嘻哈樂,台灣獨立音樂,台灣流行樂,華語獨立音樂,華語流行,爵士饒舌樂,華語節奏藍調",KAO! INC.,0.918,0.371,9,-10.493,1,0.104,0.591,0,0.11,0.769,92.983,4,Chinese,Mandopop,INFP
spotify:track:53yiHIP3ptxWtT4ambRcgb,終究還是因為愛,Holy Trip!,TRASH,2021-09-24,285222,58,false,,2023-09-21T15:50:00Z,"台灣獨立音樂,台灣流行樂,華語流行,華語搖滾樂,華語獨立音樂,華語流行樂",WM Taiwan,0.552,0.8,10,-5.203,1,0.0587,0.0253,0.00000222,0.125,0.182,126.027,4,Chinese,Mandopop,ENTJ
spotify:track:1kzo6QoYHW2Uf2Ccyb5y8i,如果我們還在一起,右腦,宇宙人,2017-10-06,273934,50,false,,2023-09-21T15:50:00Z,"台灣獨立音樂,華語獨立音樂,台灣流行樂,華語流行,華語流行樂",Bin Music International Limited,0.69,0.636,0,-8.453,1,0.0967,0.389,0.0000759,0.192,0.292,172.064,4,Chinese,Mandopop,ISTP
spotify:track:3TYzES2lL8BTPE4uudj0Hj,不得不愛,高手,潘瑋柏;弦子,2005-07-08,281413,63,false,,2023-09-21T15:50:00Z,"華語流行,華語嘻哈樂,華語流行樂,台灣流行樂,華語節奏藍調,古風歌曲",Universal Music Taiwan,0.719,0.484,8,-7.898,1,0.0944,0.751,0,0.0776,0.438,79.995,4,Chinese,Mandopop,INFP
spotify:track:59lBAMCis4C6NsPdUV35Vz,愛愛愛,愛愛愛,方大同,2006-12-31,215253,67,false,,2023-09-21T15:50:00Z,"華語節奏藍調,華語流行,華語流行樂,台灣流行樂,粵語流行樂",WM Hong Kong,0.473,0.459,9,-7.348,1,0.0377,0.4,0,0.0862,0.346,66.37,4,Chinese,Mandopop,INFP
spotify:track:1M5MN2PnMtf7YhnqukD4xa,街角的祝福,Just Sing It,戴佩妮,2002,248573,54,false,,2023-09-21T15:50:00Z,"華語流行,台灣流行樂,華語流行樂",Gold Typhoon Taiwan,0.648,0.353,11,-7.207,1,0.0283,0.923,0.0000624,0.111,0.398,95.997,4,Chinese,Mandopop,INFP
spotify:track:4bDJJr7yG31MApWuvEasAo,有些,失眠症候群,颜人中,2019-12-14,229523,65,false,,2023-09-21T15:50:00Z,"華語流行,華語流行樂,華語節奏藍調",中视鸣达,0.683,0.534,7,-7.531,1,0.0462,0.75,0,0.0806,0.368,126.023,4,Chinese,Mandopop,INFJ
spotify:track:0n7Ij8XEDfYYFRgBQjNjnf,愛你,Kimberley首張同名專輯,陳芳語,2012-04-27,207840,63,false,,2023-09-21T15:50:00Z,"華語節奏藍調,華語流行,華語流行樂,台灣流行樂",Columbia,0.551,0.52,9,-6.721,1,0.0286,0.332,0,0.0901,0.142,144.024,4,Chinese,Mandopop,INTP
spotify:track:6TBpC71F18s4B6VkW6Qrv3,體面,體面,于文文,2017-12-25,282770,59,false,,2023-09-21T15:50:00Z,"華語流行,華語流行樂,台灣流行樂",TME,0.356,0.465,10,-8.485,1,0.0336,0.421,0.000299,0.109,0.205,169.852,4,Chinese,Mandopop,ISTP
spotify:track:0fQla3BOmDbwE7e6I78LbZ,錯的人,蕭灑小姐,蕭亞軒,2010-09-21,311813,59,false,,2023-09-21T15:50:00Z,"華語流行,台灣流行樂,華語流行樂",Gold Typhoon Taiwan,0.511,0.511,4,-6.787,1,0.0366,0.76,0,0.104,0.239,127.826,4,Chinese,Mandopop,ISTP
spotify:track:4M8aT4P3AlJUGQ4DqaXJpV,我不是饒舌歌手,23,Marz23,2020-08-18,212765,52,false,,2023-09-21T15:50:00Z,"華語嘻哈樂,華語流行,華語節奏藍調,台灣流行樂,台灣獨立音樂,華語流行樂,華語搖滾樂,華語獨立音樂",WM Taiwan,0.579,0.658,9,-7.074,1,0.0834,0.0429,0,0.219,0.186,80.013,4,Chinese,Mandopop,ESFJ
spotify:track:6K9rVmfvmsiWyzP5QUORFF,正想著你呢,房間裡的大象,持修,2019-11-20,205386,47,false,,2023-09-21T15:50:00Z,"台灣獨立音樂,台灣流行樂,華語獨立音樂,華語流行,華語流行樂,華語節奏藍調",Ya Sound Entertainment Ltd.,0.502,0.248,4,-10.414,1,0.0251,0.763,0.0000245,0.174,0.353,84.026,4,Chinese,Mandopop,INFP
spotify:track:4D0KlK4Fl8lotvsoys1bYQ,天后,再愛一遍‧天后陳勢安,陳勢安,2011-11-11,289400,64,false,,2023-09-21T15:50:00Z,"華語流行,台灣流行樂,華語流行樂",Linfair,0.46,0.643,9,-5.903,1,0.0309,0.199,0,0.0917,0.286,160.044,4,Chinese,Mandopop,ENTJ
spotify:track:2wzXhxWPX0aODraKNXoJYY,後來,我等你,劉若英,2000-01-07,341400,66,false,,2023-09-21T15:50:00Z,"華語流行,台灣流行樂,華語流行樂","Rock Records Co., Ltd.",0.677,0.5,3,-8.285,1,0.0265,0.69,0,0.174,0.375,149.784,4,Chinese,Mandopop,INFP
spotify:track:7BPtIXCBWvbl1HqEosWvmK,I Believe,范逸臣第一張個人專輯,范逸臣,2002-08-30,288773,52,false,,2023-09-21T15:50:00Z,"華語流行,台灣流行樂,華語流行樂",豐華唱片,0.569,0.287,7,-8.117,1,0.0288,0.736,0,0.124,0.148,129.935,4,Chinese,Mandopop,ISTP
spotify:track:2UcgToLQiO8Lh76FQwtWbq,誰,找到我,李友廷,2018-11-30,248500,46,false,,2023-09-21T15:50:00Z,"華語節奏藍調,台灣獨立音樂,華語獨立音樂,台灣流行樂,華語流行,華語流行樂",HIM International Music Inc.,0.466,0.263,1,-10.462,1,0.0392,0.643,0,0.158,0.165,128.56,4,Chinese,Mandopop,ISTP
spotify:track:1G9KctNOyAM8wMkCFhR3EZ,寶貝(In The Night),My Life Will...,張懸,2006-06-06,161173,51,false,,2023-09-21T15:50:00Z,"台灣獨立音樂,華語獨立音樂,台灣流行樂,華語流行,華語流行樂,華語搖滾樂",Columbia,0.755,0.274,0,-12.403,1,0.034,0.848,0.00000157,0.131,0.535,110.064,4,Chinese,Mandopop,INFP
spotify:track:2Dd9EXYXI2NNrLG61OtWQv,手放開,絕對痴心.手放開,李聖傑,2004-11-26,265156,64,false,,2023-09-21T15:50:00Z,"華語流行,台灣流行樂,華語流行樂","Rock Records Co., Ltd.",0.694,0.618,1,-5.156,1,0.0366,0.31,0,0.106,0.458,111.943,4,Chinese,Mandopop,ENTP
spotify:track:7iZy5sCDT5VkqEYBKy0DTU,青空未來,青空未來,五月天 阿信,2021-07-28,255438,41,false,,2023-09-21T15:50:00Z,"華語流行,華語流行樂,台灣流行樂",Bin Music International Limited,0.497,0.33,0,-8.29,1,0.0289,0.586,0,0.134,0.322,131.984,4,Chinese,Mandopop,INFP
spotify:track:3ar8egO3eEowO02iMx1Ktu,買榜,買榜,熊仔;吳卓源,2017-12-13,230222,45,false,,2023-09-21T15:50:00Z,"華語嘻哈樂,台灣流行樂,台灣獨立音樂,華語節奏藍調,華語獨立音樂,華語流行,華語流行樂",ChynaHouse,0.904,0.548,9,-7.553,0,0.291,0.409,0,0.102,0.615,135.121,4,Chinese,Mandopop,ISTP
spotify:track:7BgO5vZaywxKoHPUBdEzrr,Tough Love (feat. Eve Ai),Loser,MC HotDog;艾怡良,2019-06-05,210598,21,true,,2023-09-21T15:50:00Z,"華語嘻哈樂,台灣流行樂,華語流行,華語節奏藍調,華語流行樂,華語獨立音樂",Rock Records / True Color Co. Ltd. / Steel Wool Records / EMPIRE,0.738,0.717,0,-6.46,0,0.314,0.193,0.00000647,0.0706,0.518,150.932,4,Chinese,Mandopop,ENFJ
spotify:track:63ZjEz218reY1rFflqqnqW,Love More,Love More,畢書盡,2015-07-31,250893,39,false,,2023-09-21T15:50:00Z,"華語流行,台灣流行樂,華語流行樂",Linfair,0.548,0.731,1,-4.512,1,0.0292,0.0887,0,0.102,0.45,92.035,4,Chinese,Mandopop,ESFJ
spotify:track:02oCAksa3mqdz91Iiq8Ewo,為你寫詩,為你寫詩,吳克群,2008-03-14,285693,55,false,,2023-09-21T15:50:00Z,"華語流行,台灣流行樂,華語流行樂",新禧未來音樂股份有限公司,0.477,0.642,7,-4.743,1,0.0355,0.203,0,0.163,0.167,143.259,4,Chinese,Mandopop,ENTJ
spotify:track:1bkdJsC4ZWDo8j8ekJWMeD,煎熬,感謝愛人,李佳薇,2011-09-16,262026,60,false,,2023-09-21T15:50:00Z,"華語流行,台灣流行樂,華語流行樂",WM Taiwan,0.379,0.39,11,-6.597,1,0.0299,0.465,0.00000614,0.0943,0.154,139.197,4,Chinese,Mandopop,ISTP
spotify:track:6cGzTAwvGHsmk4CqIAXoJj,我還年輕 我還年輕,吾十有五而志於學,老王樂隊,2017-09-28,347058,52,false,,2023-09-21T15:50:00Z,"台灣獨立音樂,華語獨立音樂,華語搖滾樂,台灣流行樂,華語流行",壞鄰居有限公司,0.596,0.563,1,-10.229,0,0.038,0.152,0.00137,0.555,0.481,127.889,4,Chinese,Mandopop,ESFJ
spotify:track:4447zXCsgDBPORAbbz3Pia,Aim High,平庸之上,9m88,2019-08-08,222973,44,false,,2023-09-21T15:50:00Z,"台灣獨立音樂,華語節奏藍調,華語獨立音樂,台灣流行樂,華語流行,華語流行樂,華語嘻哈樂","爵士寶貝有限公司 Jazz Baby Co., Ltd.",0.739,0.494,10,-6.614,1,0.0554,0.7,0,0.12,0.265,88.008,4,English,Mandopop,ISTJ
spotify:track:2h5j6lshsRkShTQ527SOlj,他們說我是沒有用的年輕人,他們說我是沒有用的年輕人,好樂團,2020-07-17,323482,48,false,,2023-09-21T15:50:00Z,"台灣獨立音樂,華語獨立音樂,台灣流行樂,華語流行,華語搖滾樂",好好的一個工作室,0.59,0.511,5,-10.043,0,0.0316,0.199,0.0000281,0.117,0.274,119.975,4,Chinese,Mandopop,ESTJ
spotify:track:0FjrLvldGA3kiwLBxv2PSD,心牆,在樹上唱歌,郭靜,2009-05-22,226920,59,false,,2023-09-21T15:50:00Z,"華語流行,台灣流行樂,華語流行樂,古風歌曲",Linfair,0.7,0.62,3,-5.072,1,0.043,0.762,0,0.0965,0.338,123.879,4,Chinese,Mandopop,ISFJ
spotify:track:7IiSESHLOtsoEXTlXa0bjJ,想太多,想太多,李玖哲,2007-10-12,216607,61,false,,2023-09-21T15:50:00Z,"華語流行,華語流行樂,台灣流行樂,華語節奏藍調",音岄有限公司 iNmusic Ltd.,0.485,0.356,11,-8.918,1,0.0243,0.71,0,0.125,0.148,76.988,4,Chinese,Mandopop,ISTJ
spotify:track:37BXaP8wCJrH0M3AdtSNyk,你要的全拿走,覅忒好,胡彥斌,2018-01-23,299333,59,false,,2023-09-21T15:50:00Z,"古風歌曲,華語流行,華語流行樂,台灣流行樂,華語節奏藍調,華語嘻哈樂",華宇世博,0.618,0.573,4,-5.309,1,0.0363,0.339,0,0.13,0.157,133.986,4,Chinese,Mandopop,INTJ
spotify:track:3QiUy2XAQEOEUxNeGlbI5u,被你遺忘的森林,孤單會消失離開不見,原子邦妮,2016-12-30,267337,41,false,,2023-09-21T15:50:00Z,"台灣獨立音樂,華語獨立音樂,台灣流行樂,華語流行,華語流行樂,華語搖滾樂",宇宙庇護工作室,0.642,0.627,5,-7.287,1,0.0289,0.343,0.613,0.17,0.448,95.994,4,Chinese,Mandopop,ESFJ
spotify:track:6QAn6Crff7sfcqC83fH7dd,"不曾回來過 - 電視劇""通靈少女""插曲","不曾回來過 (電視劇""通靈少女""插曲)",李千娜,2017-04-01,270654,55,false,,2023-09-21T15:50:00Z,"台灣流行樂,華語流行,華語流行樂",Universal Music Taiwan,0.532,0.419,1,-9.18,1,0.0371,0.524,0.0000103,0.104,0.316,170.011,4,Chinese,Mandopop,INFP
spotify:track:5V3eOL0Zyb3OqhwOmFRvyO,地球上最浪漫的一首歌,愛&英雄 LOVE HERO,黃鴻升,2009-12-18,281182,54,false,,2023-09-21T15:50:00Z,"台灣流行樂,華語流行,華語流行樂","Rock Records Co., Ltd.",0.57,0.487,7,-6.683,1,0.0281,0.373,0,0.193,0.425,139.987,4,Chinese,Mandopop,ISTP
spotify:track:5EpLeWSwqOG0mZW0R4WdKQ,海浪,Go Slow,deca joins,2018-11-14,322333,49,false,,2023-09-21T15:50:00Z,"台灣獨立音樂,華語獨立音樂,華語搖滾樂,台灣流行樂","Sashimi Music CO.,LTD",0.44,0.444,2,-11.134,1,0.0315,0.0297,0.218,0.123,0.427,115.01,4,English,Mandopop,INFP
