Track URI,Track Name,Album Name,Artist Name(s),Release Date,Duration (ms),Popularity,Explicit,Added By,Added At,Genres,Record Label,Danceability,Energy,Key,Loudness,Mode,Speechiness,Acousticness,Instrumentalness,Liveness,Valence,Tempo,Time Signature
spotify:track:2Y0wPrPQBrGhoLn14xRYCG,"Come & Go (with Marshmello)","Legends Never Die","Juice WRLD;Marshmello",2020-07-10,205484,78,true,791qjlx1xymqu60b4wrzoncpw,2021-08-09T06:07:34Z,"旋律饒舌,emo rap,電子舞曲","Grade A Productions/Interscope Records",0.625,0.814,0,-5.181,1,0.0657,0.0172,0,0.158,0.535,144.991,4
spotify:track:3h4T9Bg8OVSUYa6danHeH5,"Animals","V (Asia Tour Edition)","Maroon 5",2015-05-18,231013,75,false,791qjlx1xymqu60b4wrzoncpw,2021-09-21T11:50:06Z,"流行樂","Interscope Records*",0.279,0.742,4,-6.46,0,0.0898,0.000185,0,0.593,0.328,189.868,4
spotify:track:4jPy3l0RUwlUI9T5XHBW2m,"Mood (feat. iann dior)","El Dorado","24kGoldn;iann dior",2021-03-26,140525,80,true,791qjlx1xymqu60b4wrzoncpw,2021-07-25T05:21:58Z,"旋律饒舌","Records/Columbia",0.701,0.716,7,-3.671,0,0.0361,0.174,0,0.324,0.732,91.007,4
spotify:track:5cF0dROlMOK5uNZtivgu50,"Attention","Voicenotes","Charlie Puth",2018-05-11,208786,88,false,791qjlx1xymqu60b4wrzoncpw,2021-09-21T11:50:10Z,"軟式流行樂","Artist Partner",0.775,0.613,3,-4.586,0,0.0542,0.109,0.0000233,0.134,0.797,100.066,4
spotify:track:3Z8FwOEN59mRMxDCtb8N0A,"Be Kind (with Halsey)","Be Kind (with Halsey)","Marshmello;Halsey",2020-05-01,172761,74,false,791qjlx1xymqu60b4wrzoncpw,2021-09-21T11:50:17Z,"電子舞曲","Astralwerks",0.63,0.633,4,-7.088,1,0.0457,0.00776,0,0.0541,0.452,93.992,4
spotify:track:4QTuyRQshEZYurtIDfE6g0,"By Your Side","Blue","Jonas Blue;RAYE",2018-11-09,201254,69,false,791qjlx1xymqu60b4wrzoncpw,2021-09-21T11:50:20Z,"熱帶浩室","Positiva",0.695,0.743,6,-3.85,1,0.0329,0.0786,0,0.0587,0.634,123.007,4
spotify:track:0ClPIeT6MSgfSgQ9ZrJbAq,"Cheating on You","Cheating on You","Charlie Puth",2019-10-01,196606,76,false,791qjlx1xymqu60b4wrzoncpw,2021-09-21T11:50:22Z,"軟式流行樂","Artist Partner",0.749,0.535,4,-6.785,1,0.0336,0.0131,0.0000365,0.0982,0.601,123.042,4
spotify:track:7tN0ceaX3JAz6aVtyXn9mn,"Chills","Chills","Why Don't We",2019-12-30,165596,53,false,791qjlx1xymqu60b4wrzoncpw,2021-09-21T11:50:24Z,"","Atlantic Records",0.615,0.689,1,-5.332,1,0.0658,0.00483,0,0.177,0.783,162.919,4
spotify:track:7BKLCZ1jbUBVqRi2FVlTVw,"Closer","Closer","The Chainsmokers;Halsey",2016-07-29,244960,89,false,791qjlx1xymqu60b4wrzoncpw,2021-09-21T11:50:26Z,"","Disruptor Records/Columbia",0.748,0.524,8,-5.599,1,0.0338,0.414,0,0.111,0.661,95.01,4
spotify:track:21TdkDRXuAB3k90ujRU1et,"Cold (feat. Future)","Red Pill Blues (Deluxe)","Maroon 5;Future",2017-11-03,234308,0,true,791qjlx1xymqu60b4wrzoncpw,2021-09-21T11:50:29Z,"流行樂,饒舌樂","Universal Music Group",0.697,0.716,9,-6.288,0,0.113,0.118,0,0.0424,0.506,99.905,4
spotify:track:2qzISfdoGJa0AHXqgyJhw7,"Cold Water (feat. Justin Bieber & MØ)","Major Lazer Essentials","Major Lazer;Justin Bieber;MØ",2018-10-19,185351,0,false,791qjlx1xymqu60b4wrzoncpw,2021-09-21T11:50:32Z,"moombahton","Third Pardee Records LLC",0.608,0.798,6,-5.092,0,0.0432,0.0736,0,0.156,0.501,92.943,4
spotify:track:6Qs4SXO9dwPj5GKvVOv8Ki,"Dancing With A Stranger (with Normani)","Dancing With A Stranger (with Normani)","Sam Smith;Normani",2019-01-11,171029,76,false,791qjlx1xymqu60b4wrzoncpw,2021-09-21T11:50:41Z,"軟式流行樂","PLG - Capitol",0.741,0.52,8,-7.513,1,0.0656,0.447,0.00000197,0.222,0.347,102.998,4
spotify:track:1lsBTdE6MGsKeZCD6llNu7,"Done for Me (feat. Kehlani)","Voicenotes","Charlie Puth;Kehlani",2018-05-11,180493,72,false,791qjlx1xymqu60b4wrzoncpw,2021-09-21T11:50:44Z,"軟式流行樂","Artist Partner",0.856,0.632,6,-3.692,0,0.074,0.193,0,0.0688,0.697,112.009,4
spotify:track:3PfIrDoz19wz7qK7tYeu62,"Don't Start Now","Future Nostalgia","Dua Lipa",2020-03-27,183290,84,false,791qjlx1xymqu60b4wrzoncpw,2021-09-21T11:50:47Z,"流行樂","Warner Records",0.793,0.793,11,-4.521,0,0.083,0.0123,0,0.0951,0.679,123.95,4
spotify:track:5o3GnrcFtvkdf3zFznuSbA,"Don't Wanna Know (feat. Kendrick Lamar)","Red Pill Blues (Deluxe)","Maroon 5;Kendrick Lamar",2018-06-15,214265,74,false,791qjlx1xymqu60b4wrzoncpw,2021-09-21T11:50:50Z,"流行樂,嘻哈樂,西岸嘻哈樂","Interscope Records*",0.783,0.611,7,-6.124,1,0.0695,0.343,0,0.0983,0.418,100.049,4
spotify:track:6PQ88X9TkUIAUIZJHW2upE,"Bad Habits","Bad Habits","Ed Sheeran",2021-06-25,231041,10,false,791qjlx1xymqu60b4wrzoncpw,2021-09-21T11:50:56Z,"軟式流行樂","Atlantic Records UK",0.808,0.897,11,-3.712,0,0.0348,0.0469,0.0000314,0.364,0.591,126.026,4
spotify:track:0azC730Exh71aQlOt9Zj3y,"This Is What You Came For","This Is What You Came For","Calvin Harris;Rihanna",2016-04-29,221900,81,false,791qjlx1xymqu60b4wrzoncpw,2021-09-21T11:50:58Z,"電子舞曲","Columbia",0.631,0.927,9,-2.787,0,0.0332,0.199,0.119,0.148,0.465,123.962,4
spotify:track:76hfruVvmfQbw0eYn1nmeC,"Cake By The Ocean","DNCE","DNCE",2016-11-18,219146,84,true,791qjlx1xymqu60b4wrzoncpw,2021-09-21T11:51:04Z,"","Joseph Jonas/Republic Records",0.774,0.753,4,-5.446,0,0.0517,0.152,0,0.0371,0.896,119.002,4
spotify:track:6Wytqpe4mfmyeT8s1xbczG,"Something In The Way You Move","Delirium (Deluxe)","Ellie Goulding",2015-11-06,227423,62,false,791qjlx1xymqu60b4wrzoncpw,2021-09-21T11:51:07Z,"","Polydor Records",0.658,0.814,1,-6.157,0,0.0493,0.0398,0,0.114,0.316,109.004,4
spotify:track:2zI9NSx3dncJHCw0QClcx0,"Know Me Too Well (with Danna Paola)","New Hope Club","New Hope Club;Danna Paola",2020-02-14,200600,56,false,791qjlx1xymqu60b4wrzoncpw,2021-09-21T11:51:09Z,"","EMI",0.757,0.708,1,-4.385,0,0.0394,0.428,0,0.0635,0.798,122.916,4
spotify:track:5HCyWlXZPP0y6Gqq8TgA20,"STAY (with Justin Bieber)","STAY (with Justin Bieber)","The Kid LAROI;Justin Bieber",2021-07-09,141805,83,true,791qjlx1xymqu60b4wrzoncpw,2021-09-21T11:51:11Z,"","Columbia",0.591,0.764,1,-5.484,1,0.0483,0.0383,0,0.103,0.478,169.928,4
spotify:track:3cbE0k4dUtvDJhyHjjuDPz,"Love Again","Love Again","Dua Lipa",2021-06-04,258004,45,false,791qjlx1xymqu60b4wrzoncpw,2021-09-21T11:51:13Z,"流行樂","Warner Records",0.659,0.667,11,-4.668,0,0.0339,0.00173,0.0000285,0.1,0.468,115.982,4
spotify:track:26rdOwwjC2UnweK3xeS58u,"GDFR (feat. Sage the Gemini & Lookas)","My House","Flo Rida;Sage The Gemini;Lookas",2015-04-07,190185,76,false,791qjlx1xymqu60b4wrzoncpw,2021-09-21T11:51:17Z,"hyphy,電子陷阱音樂,未來貝斯,迴響貝斯","Poe Boy/Atlantic",0.657,0.827,5,-4.036,1,0.0734,0.000704,0.00534,0.065,0.69,145.889,4
spotify:track:49dFIRQCQxPWgoH0m38XQ5,"Summer Feelings (feat. Charlie Puth) - From 'SCOOB!' The Album","Summer Feelings (feat. Charlie Puth)","Lennon Stella;Charlie Puth",2020-04-23,160289,60,false,791qjlx1xymqu60b4wrzoncpw,2021-09-21T11:51:20Z,"軟式流行樂","P2020",0.696,0.686,5,-6.113,0,0.0309,0.262,0,0.174,0.7,115.982,4
spotify:track:3p4WMekidOIiyf8SFvfrIC,"Memories Remix (feat. Nipsey Hussle & YG)","JORDI (Deluxe)","Maroon 5;Nipsey Hussle;YG",2021-06-11,189486,49,true,791qjlx1xymqu60b4wrzoncpw,2021-09-21T11:51:22Z,"流行樂,西岸嘻哈樂,hyphy","Interscope Records*",0.807,0.396,11,-7.415,1,0.0545,0.855,0,0.0805,0.7,91.159,4
spotify:track:1G5rzVAFlgMqG4gaRujcaA,"Seasons","JORDI (Deluxe)","Maroon 5",2021-06-11,168304,46,false,791qjlx1xymqu60b4wrzoncpw,2021-09-21T11:51:25Z,"流行樂","Interscope Records*",0.638,0.504,8,-8.335,1,0.0578,0.509,0.0000218,0.103,0.281,140.204,4
spotify:track:6tHQAadcluhVV4oD2IvHSk,"Lost","JORDI (Deluxe)","Maroon 5",2021-06-11,172597,49,false,791qjlx1xymqu60b4wrzoncpw,2021-09-21T11:51:27Z,"流行樂","Interscope Records*",0.766,0.706,7,-6.553,0,0.16,0.223,0.00028,0.064,0.766,142.989,4
spotify:track:5zFglKYiknIxks8geR8rcL,"Beautiful Mistakes (feat. Megan Thee Stallion)","JORDI (Deluxe)","Maroon 5;Megan Thee Stallion",2021-06-11,227395,77,false,791qjlx1xymqu60b4wrzoncpw,2021-09-21T11:51:30Z,"流行樂","Interscope Records*",0.713,0.676,10,-5.483,1,0.027,0.0377,0,0.154,0.721,99.048,4
spotify:track:37BZB0z9T8Xu7U3e65qxFy,"Save Your Tears (with Ariana Grande) (Remix)","Save Your Tears (Remix)","The Weeknd;Ariana Grande",2021-04-23,191013,81,false,791qjlx1xymqu60b4wrzoncpw,2021-09-21T11:51:32Z,"流行樂","Republic Records",0.65,0.825,0,-4.645,1,0.0325,0.0215,0.0000244,0.0936,0.593,118.091,4
spotify:track:5E75Cr0oqxGoX0YYwdC3nZ,"Peaches (Remix) feat. Ludacris, Usher & Snoop Dogg","Peaches (Remix)","Justin Bieber;USHER;Snoop Dogg;Ludacris",2021-06-07,229472,52,true,791qjlx1xymqu60b4wrzoncpw,2021-09-21T11:51:34Z,"節奏藍調,g-funk,西岸嘻哈樂,幫派饒舌,老派嘻哈樂,嘻哈樂,饒舌樂,南方嘻哈樂","RBMG/Def Jam",0.64,0.69,0,-6.489,1,0.235,0.399,0,0.463,0.59,89.906,4
spotify:track:3iYNJX4FTRGlfMQySjlGNr,"Future Nostalgia","Future Nostalgia (The Moonlight Edition)","Dua Lipa",2021-02-11,184881,54,false,791qjlx1xymqu60b4wrzoncpw,2021-09-21T11:51:37Z,"流行樂","Warner Records",0.875,0.813,7,-4.502,1,0.0579,0.00618,0,0.321,0.859,114.993,4
spotify:track:0EhpEsp4L0oRGM0vmeaN5e,"UN DIA (ONE DAY) (Feat. Tainy)","UN DIA (ONE DAY) (Feat. Tainy)","J Balvin;Dua Lipa;Bad Bunny;Tainy",2020-07-24,232253,73,false,791qjlx1xymqu60b4wrzoncpw,2021-09-21T11:51:39Z,"雷鬼動樂,拉丁音樂,流行樂,拉丁陷阱音樂,urbano latino","Universal Music Latino/ NEON16",0.571,0.693,6,-8.234,0,0.0545,0.00536,0,0.173,0.393,168.169,4
spotify:track:5zqObw7wjBgL9TDiAymxPn,"Our Song","Our Song","Anne-Marie;Niall Horan",2021-05-21,163733,58,false,791qjlx1xymqu60b4wrzoncpw,2021-09-21T11:51:41Z,"","Atlantic Records/Asylum",0.595,0.759,11,-4.245,0,0.0423,0.141,0,0.172,0.515,80.953,4
spotify:track:5K6Ssv4Z3zRvxt0P6EKUAP,"Heartbreak Anthem (with David Guetta & Little Mix)","Heartbreak Anthem (with David Guetta & Little Mix)","Galantis;David Guetta;Little Mix",2021-05-20,183725,67,false,791qjlx1xymqu60b4wrzoncpw,2021-09-21T11:51:44Z,"電子舞曲","Big Beat Records",0.595,0.784,1,-4.878,1,0.102,0.216,0,0.0608,0.479,124.111,4
spotify:track:3tyPOhuVnt5zd5kGfxbCyL,"Where Have You Been","Talk That Talk","Rihanna",2011-11-19,242680,79,false,791qjlx1xymqu60b4wrzoncpw,2021-09-21T11:51:46Z,"","Def Jam Recordings",0.719,0.847,0,-6.34,0,0.0919,0.00201,0.0204,0.223,0.443,127.96,4
spotify:track:0TEk9SHs3MJl8S0Qgtbzqh,"Too Much (feat. Imanbek & Usher) - Alle Farben Remix","Too Much (feat. Imanbek & Usher) [Alle Farben Remix]","Marshmello;USHER;Alle Farben;Imanbek",2021-01-22,146654,37,false,791qjlx1xymqu60b4wrzoncpw,2021-09-21T11:51:48Z,"電子舞曲,節奏藍調,slap house","Joytime Collective/RCA Records/Effective Records",0.707,0.878,6,-4.156,0,0.0534,0.00605,0.00000582,0.0946,0.559,126.102,4
spotify:track:2WnAKZefdRHxtBEkRjFOHC,"Anyone","Justice","Justin Bieber",2021-03-19,190779,73,false,791qjlx1xymqu60b4wrzoncpw,2021-09-21T11:51:52Z,"","RBMG/Def Jam",0.685,0.521,2,-8.285,1,0.0345,0.185,0.00000359,0.111,0.578,115.885,4
spotify:track:0oaY19dUwZimIgzn3ZZLZO,"2 Much","Justice","Justin Bieber",2021-03-19,152796,71,false,791qjlx1xymqu60b4wrzoncpw,2021-09-21T11:51:54Z,"","RBMG/Def Jam",0.583,0.444,9,-8.601,1,0.0456,0.593,0,0.353,0.167,119.59,4
spotify:track:2RSHsoi04658QL5xgQVov3,"Bad Liar","Origins (Deluxe)","Imagine Dragons",2018-11-09,260773,82,false,791qjlx1xymqu60b4wrzoncpw,2021-09-21T11:51:59Z,"","Kid Ina Korner / Interscope",0.307,0.637,3,-6.993,1,0.0569,0.0732,0,0.368,0.0805,88.693,4
spotify:track:2tB9OFgAHjAds3cqquLlvp,"Loved By You (feat. Burna Boy)","Justice","Justin Bieber;Burna Boy",2021-03-19,159250,67,false,791qjlx1xymqu60b4wrzoncpw,2021-09-21T11:52:03Z,"非洲節奏音樂,非洲流行音樂,afroswing,舞廳雷鬼,afropiano","RBMG/Def Jam",0.79,0.724,1,-6.972,1,0.0852,0.0696,0.00000233,0.113,0.642,101.04,4
spotify:track:5QO79kh1waicV47BqGRL3g,"Save Your Tears","After Hours","The Weeknd",2020-03-20,215626,88,true,791qjlx1xymqu60b4wrzoncpw,2021-09-21T11:52:05Z,"","Republic Records",0.679,0.825,0,-5.487,1,0.0309,0.0212,0.0000121,0.543,0.644,118.049,4
spotify:track:4iJyoBOLtHqaGxP12qzhQI,"Peaches (feat. Daniel Caesar & Giveon)","Justice","Justin Bieber;Daniel Caesar;GIVĒON",2021-03-19,198081,84,true,791qjlx1xymqu60b4wrzoncpw,2021-09-21T11:52:08Z,"節奏藍調","RBMG/Def Jam",0.677,0.696,0,-6.181,1,0.119,0.321,0,0.42,0.464,90.03,4
spotify:track:1EsTfiu26JucTyc5npjJU4,"Love You Different (feat. BEAM)","Justice","Justin Bieber;BEAM",2021-03-19,186695,39,false,791qjlx1xymqu60b4wrzoncpw,2021-09-21T11:52:10Z,"","RBMG/Def Jam",0.756,0.59,8,-6.665,1,0.0589,0.068,0.00000145,0.159,0.382,127.143,4
spotify:track:5NU40QTlXrDUJzDBdv79bg,"Deserve You","Justice","Justin Bieber",2021-03-19,187238,66,false,791qjlx1xymqu60b4wrzoncpw,2021-09-21T11:52:22Z,"","RBMG/Def Jam",0.677,0.633,7,-7.831,1,0.0771,0.0314,0,0.112,0.409,89.934,4
spotify:track:4u4NyuceXP7Uzh7XFJKCr1,"Hold On","Hold On","Justin Bieber",2021-03-05,170813,69,false,791qjlx1xymqu60b4wrzoncpw,2021-09-21T11:52:26Z,"","RBMG/Def Jam",0.658,0.634,1,-5.797,0,0.0413,0.0106,0,0.132,0.29,139.98,4
spotify:track:6T689Jvh5KrSXyaPtUWZtQ,"Criminal","Femme Fatale (Deluxe Version)","Britney Spears",2011-03-28,225080,75,false,791qjlx1xymqu60b4wrzoncpw,2021-09-21T11:52:29Z,"流行樂","Jive",0.696,0.734,7,-5.294,1,0.0298,0.0485,0,0.183,0.711,107.987,4
spotify:track:09CtPGIpYB4BrO8qb1RGsF,"Sorry","Purpose (Deluxe)","Justin Bieber",2015-11-13,200786,89,false,791qjlx1xymqu60b4wrzoncpw,2021-09-21T11:52:31Z,"","RBMG/Def Jam",0.655,0.76,0,-3.669,0,0.045,0.0797,0,0.299,0.409,99.947,4
spotify:track:4umIPjkehX1r7uhmGvXiSV,"Intentions (feat. Quavo)","Changes","Justin Bieber;Quavo",2020-02-14,212866,79,false,791qjlx1xymqu60b4wrzoncpw,2021-09-21T11:52:33Z,"","RBMG/Def Jam",0.806,0.546,9,-6.637,1,0.0579,0.298,0,0.102,0.875,147.988,4
spotify:track:6rPO02ozF3bM7NnOV4h6s2,"Despacito - Remix","Despacito Feat. Justin Bieber (Remix)","Luis Fonsi;Daddy Yankee;Justin Bieber",2017-04-17,228826,74,false,791qjlx1xymqu60b4wrzoncpw,2021-09-21T11:52:35Z,"拉丁音樂,雷鬼動樂","Republic/UMLE",0.653,0.816,2,-4.353,1,0.167,0.228,0,0.0967,0.816,178.085,4
spotify:track:7nZmah2llfvLDiUjm0kiyz,"Friends (with BloodPop®)","Friends (with BloodPop®)","Justin Bieber;BloodPop®",2017-08-17,189466,2,false,791qjlx1xymqu60b4wrzoncpw,2021-09-21T11:52:37Z,"","Universal Music Group",0.744,0.739,8,-5.35,1,0.0387,0.00459,0,0.306,0.649,104.99,4
spotify:track:3jHCXrZNz8fQEEf4BpWCAj,"Purpose","Purpose (Deluxe)","Justin Bieber",2015-11-13,210160,0,false,791qjlx1xymqu60b4wrzoncpw,2021-09-21T11:52:39Z,"","Universal Music Group",0.481,0.285,0,-10.848,1,0.0424,0.9,0,0.123,0.316,130.029,4
spotify:track:09mhA1SJjMHniZPF4Hcihn,"Company","Purpose (Deluxe)","Justin Bieber",2015-11-13,208120,0,false,791qjlx1xymqu60b4wrzoncpw,2021-09-21T11:52:41Z,"","Universal Music Group",0.59,0.797,4,-4.901,0,0.0614,0.132,0,0.0846,0.425,94.948,4
spotify:track:190jyVPHYjAqEaOGmMzdyk,"Beauty And A Beat","Believe (Deluxe Edition)","Justin Bieber;Nicki Minaj",2012-06-15,227986,83,false,791qjlx1xymqu60b4wrzoncpw,2021-09-21T11:52:44Z,"","RBMG/Def Jam",0.602,0.843,0,-4.831,1,0.0593,0.000688,0.0000527,0.0682,0.526,128.003,4
spotify:track:5g4ombYW8dzSHTK0p3pov0,"I Don't Like It, I Love It","Pitch Perfect 3 (Original Motion Picture Soundtrack)","The Bellas",2017-12-15,239666,54,false,791qjlx1xymqu60b4wrzoncpw,2021-09-21T11:52:46Z,"","Pitch Perfect 3",0.78,0.738,2,-4.737,0,0.126,0.499,0,0.527,0.902,117.995,4
spotify:track:1diS6nkxMQc3wwC4G1j0bh,"We're Good","Future Nostalgia (The Moonlight Edition)","Dua Lipa",2021-02-11,165506,69,false,791qjlx1xymqu60b4wrzoncpw,2021-09-21T11:52:49Z,"流行樂","Warner Records",0.722,0.588,6,-5.932,1,0.0544,0.0319,0,0.183,0.59,134.01,4
spotify:track:2MUKw7zEirXqdZZ3xC4hOf,"Hallucinate","Future Nostalgia","Dua Lipa",2020-03-27,208505,52,false,791qjlx1xymqu60b4wrzoncpw,2021-09-21T11:52:51Z,"流行樂","Warner Records",0.627,0.69,10,-5.396,0,0.139,0.033,0,0.0742,0.627,122.053,4
spotify:track:3mC8VlVBwdVxCTq4cYZr64,"Future Nostalgia","Future Nostalgia","Dua Lipa",2020-03-27,184881,48,false,791qjlx1xymqu60b4wrzoncpw,2021-09-21T11:52:53Z,"流行樂","Warner Records",0.875,0.813,7,-4.502,1,0.0579,0.00618,0,0.321,0.859,114.993,4
spotify:track:2oJEygU9oexxrQLQWj365w,"Slow Down","Slow Down","Why Don't We",2020-12-17,188266,40,false,791qjlx1xymqu60b4wrzoncpw,2021-09-21T11:52:55Z,"","Atlantic Records",0.777,0.856,0,-3.825,0,0.0356,0.0121,0.000838,0.0604,0.959,127.011,4
spotify:track:2Oycxb8QbPkpHTo8ZrmG0B,"Prisoner (feat. Dua Lipa)","Plastic Hearts","Miley Cyrus;Dua Lipa",2020-11-27,169338,73,false,791qjlx1xymqu60b4wrzoncpw,2021-09-21T11:52:57Z,"流行樂","RCA Records Label",0.781,0.67,3,-3.912,0,0.0452,0.0103,0,0.0761,0.595,127.99,4
spotify:track:017PF4Q3l4DBUiWoXk4OWT,"Break My Heart","Future Nostalgia","Dua Lipa",2020-03-27,221820,81,false,791qjlx1xymqu60b4wrzoncpw,2021-09-21T11:52:59Z,"流行樂","Warner Records",0.73,0.729,4,-3.434,0,0.0884,0.167,0.00000139,0.349,0.467,113.011,4
spotify:track:0bMbDctzMmTyK2j74j3nF3,"Alone, Pt. II","Alone, Pt. II","Alan Walker;Ava Max",2019-12-27,179052,71,false,791qjlx1xymqu60b4wrzoncpw,2021-09-21T11:53:01Z,"","Kreatell Music",0.67,0.668,3,-4.306,0,0.0422,0.536,0,0.133,0.608,88.033,4
spotify:track:3Uo7WG0vmLQ07WB4BDwy7D,"willow","evermore","Taylor Swift",2020-12-10,214706,69,false,791qjlx1xymqu60b4wrzoncpw,2021-09-21T11:53:04Z,"","Taylor Swift",0.392,0.579,7,-9.195,1,0.164,0.835,0.00179,0.145,0.549,80.961,4
spotify:track:5iTaLzgPI5jRMVAxITcZwT,"Easier – Remix (with Charlie Puth)","Easier – Remix (with Charlie Puth)","5 Seconds of Summer;Charlie Puth",2019-08-13,157325,53,false,791qjlx1xymqu60b4wrzoncpw,2021-09-21T11:53:51Z,"軟式流行樂","5 Seconds Of Summer/Interscope",0.418,0.445,5,-5.407,1,0.227,0.469,0,0.123,0.608,175.686,4
spotify:track:698ItKASDavgwZ3WjaWjtz,"Faded","Different World","Alan Walker",2018-12-14,212106,84,false,791qjlx1xymqu60b4wrzoncpw,2021-09-21T11:53:53Z,"","Kreatell Music",0.468,0.627,6,-5.085,1,0.0476,0.0281,0.00000797,0.11,0.159,179.642,4
spotify:track:37f4ITSlgPX81ad2EvmVQr,"Fight Song","Wildfire","Rachel Platten",2016-01-01,204013,75,false,791qjlx1xymqu60b4wrzoncpw,2021-09-21T11:53:55Z,"","Columbia",0.564,0.714,7,-4.987,1,0.129,0.0549,0,0.155,0.33,175.924,4
spotify:track:7fa9MBXhVfQ8P8Df9OEbD8,"Girls Like You (feat. Cardi B) - Cardi B Version","Red Pill Blues (Deluxe)","Maroon 5;Cardi B",2018-06-15,235545,76,true,791qjlx1xymqu60b4wrzoncpw,2021-09-21T11:53:57Z,"流行樂","Interscope Records*",0.779,0.541,0,-6.824,1,0.0658,0.566,0,0.13,0.447,124.939,4
spotify:track:76cy1WJvNGJTj78UqeA5zr,"IDGAF","Dua Lipa (Deluxe)","Dua Lipa",2017-06-02,217946,78,true,791qjlx1xymqu60b4wrzoncpw,2021-09-21T11:53:59Z,"流行樂","Warner Records",0.836,0.544,7,-5.975,1,0.0943,0.0403,0,0.0824,0.51,97.028,4
spotify:track:6yIdwnpDHufLWgQcveTPMk,"I Don’t Wanna Live Forever (Fifty Shades Darker)","I Don’t Wanna Live Forever (Fifty Shades Darker)","ZAYN;Taylor Swift",2016-12-09,245200,0,false,791qjlx1xymqu60b4wrzoncpw,2021-09-21T11:54:01Z,"","Fifty Shades Darker",0.735,0.451,0,-8.374,1,0.0585,0.0631,0.000013,0.325,0.0862,117.973,4
spotify:track:2bT1PH7Cw3J9p3t7nlXCdh,"If I Can't Have You","Shawn Mendes (Deluxe)","Shawn Mendes",2019-06-19,191466,75,false,791qjlx1xymqu60b4wrzoncpw,2021-09-21T11:54:31Z,"","Island Records",0.691,0.823,2,-4.197,1,0.0622,0.489,0,0.134,0.87,123.943,4
spotify:track:21TcDbGosp7w9YhTjOszgA,"Imagination","Handwritten (Deluxe)","Shawn Mendes",2015-04-14,217773,73,false,791qjlx1xymqu60b4wrzoncpw,2021-09-21T11:54:34Z,"","Island Records",0.64,0.455,0,-5.942,1,0.0247,0.0743,0,0.0694,0.333,89.948,4
spotify:track:04ZTP5KsCypmtCmQg5tH9R,"I'm a Mess","Expectations","Bebe Rexha",2018-06-22,195519,73,false,791qjlx1xymqu60b4wrzoncpw,2021-09-21T11:54:36Z,"","Warner Records",0.63,0.694,11,-6.257,0,0.0253,0.00281,0,0.0719,0.216,97.005,4
spotify:track:364dI1bYnvamSnBJ8JcNzN,"Intentions","Intentions","Justin Bieber;Quavo",2020-02-07,212868,71,false,791qjlx1xymqu60b4wrzoncpw,2021-09-21T11:54:38Z,"","RBMG/Def Jam",0.811,0.553,9,-6.644,1,0.0552,0.317,0,0.105,0.86,148.014,4
spotify:track:23L5CiUhw2jV1OIMwthR3S,"In the Name of Love","In the Name of Love","Martin Garrix;Bebe Rexha",2016-07-29,198815,82,false,791qjlx1xymqu60b4wrzoncpw,2021-09-21T11:54:40Z,"電子舞曲,漸進浩室,電子音樂","Epic Amsterdam",0.501,0.519,4,-5.88,0,0.0409,0.109,0,0.454,0.168,133.99,4
spotify:track:7yHEDfrJNd0zWOfXwydNH0,"Into You","Dangerous Woman","Ariana Grande",2016-05-20,244453,2,false,791qjlx1xymqu60b4wrzoncpw,2021-09-21T11:54:42Z,"流行樂","Universal Music Group",0.636,0.727,9,-5.852,1,0.106,0.0161,0.00000112,0.151,0.358,107.988,4
spotify:track:3707IBa4HnS3zDDoWfeUBl,"I Warned Myself","I Warned Myself","Charlie Puth",2019-08-21,159782,52,false,791qjlx1xymqu60b4wrzoncpw,2021-09-21T11:54:46Z,"軟式流行樂","Artist Partner",0.488,0.311,10,-11.467,0,0.297,0.562,0.000548,0.161,0.579,184.112,4
spotify:track:7KxhSJOYiqCDclXDBNlFSZ,"Kill Em With Kindness","Revival (Deluxe)","Selena Gomez",2015-10-09,217906,63,false,791qjlx1xymqu60b4wrzoncpw,2021-09-21T11:54:48Z,"","Selena Gomez PS",0.757,0.884,10,-5.488,0,0.0404,0.00789,0.0000587,0.0973,0.399,120.013,4
spotify:track:0lYBSQXN6rCTvUZvg9S0lU,"Let Me Love You","Encore","DJ Snake;Justin Bieber",2016-08-05,205946,91,false,791qjlx1xymqu60b4wrzoncpw,2021-09-21T11:54:53Z,"","DJ Snake Def Jam",0.475,0.715,8,-5.371,1,0.058,0.0863,0.0000267,0.135,0.159,199.892,4
spotify:track:7x5xYW5W42OGPAdHUyyguy,"Locked Away (feat. Adam Levine)","What Dreams Are Made Of","R. City;Adam Levine",2015-10-09,227475,83,false,791qjlx1xymqu60b4wrzoncpw,2021-09-21T11:54:55Z,"","Kemosabe Records/RCA Records",0.509,0.671,1,-5.709,1,0.0678,0.304,0,0.0452,0.55,118.413,5
spotify:track:6uFsE1JgZ20EXyU0JQZbUR,"Look What You Made Me Do","Look What You Made Me Do","Taylor Swift",2017-08-24,211859,1,false,791qjlx1xymqu60b4wrzoncpw,2021-09-21T11:54:56Z,"","Big Machine Records, LLC",0.773,0.68,9,-6.378,0,0.141,0.213,0.0000157,0.122,0.497,128.062,4
spotify:track:2l8w0zZVn4AZNuzrht7MRT,"Love Me Like You Do - From ""Fifty Shades Of Grey""","Delirium (Deluxe)","Ellie Goulding",2015-11-13,252534,50,false,791qjlx1xymqu60b4wrzoncpw,2021-09-21T11:54:59Z,"","Polydor Records",0.475,0.606,8,-6.646,1,0.0346,0.247,0,0.125,0.282,94.994,4
spotify:track:50kpGaPAhYJ3sGmk6vplg0,"Love Yourself","Purpose (Deluxe)","Justin Bieber",2015-11-13,233720,88,false,791qjlx1xymqu60b4wrzoncpw,2021-09-21T11:55:01Z,"","RBMG/Def Jam",0.609,0.378,4,-9.828,1,0.438,0.835,0,0.28,0.515,100.43,4
spotify:track:2qLMf6TuEC3ruGJg4SMMN6,"Lucky","We Sing. We Dance. We Steal Things. (Bonus Tracks Version)","Jason Mraz;Colbie Caillat",2008-05-01,189613,75,false,791qjlx1xymqu60b4wrzoncpw,2021-09-21T11:55:03Z,"軟式流行樂,原音流行樂","Atlantic Records/ATG",0.625,0.414,0,-8.7,1,0.0369,0.294,0,0.151,0.669,130.088,4
spotify:track:7jEyX4bqaCSdMN4D4JNnVj,"Mama","Blue","Jonas Blue;William Singe",2018-11-09,184133,75,false,791qjlx1xymqu60b4wrzoncpw,2021-09-21T11:55:05Z,"熱帶浩室","Positiva",0.738,0.794,11,-4.118,0,0.0416,0.101,0,0.0533,0.566,104.014,4
spotify:track:7oUHzZKNKUTrlU7DYxhQ7v,"Maps","V (Asia Tour Edition)","Maroon 5",2015-05-18,189960,73,false,791qjlx1xymqu60b4wrzoncpw,2021-09-21T11:55:07Z,"流行樂","Interscope Records*",0.742,0.713,1,-5.522,0,0.0303,0.0205,0,0.059,0.879,120.032,4
spotify:track:2b8fOow8UzyDFAE27YhOZM,"Memories","Memories","Maroon 5",2019-09-20,189486,37,false,791qjlx1xymqu60b4wrzoncpw,2021-09-21T11:55:09Z,"流行樂","222 Records/Interscope Records",0.764,0.32,11,-7.209,1,0.0546,0.837,0,0.0822,0.575,91.019,4
spotify:track:4lYTkvMkcNRj9uoSr8Zpws,"Mercy","Mercy","Shawn Mendes",2016-08-18,208733,0,false,791qjlx1xymqu60b4wrzoncpw,2021-09-21T11:55:11Z,"","Universal Music Group",0.563,0.684,11,-4.916,0,0.0919,0.109,0,0.11,0.405,147.92,4
spotify:track:3kwgqoBqTwoAH4nT29TYrq,"Nobody's Love","Nobody's Love","Maroon 5",2020-07-24,211253,13,false,791qjlx1xymqu60b4wrzoncpw,2021-09-21T11:55:13Z,"流行樂","222 Records/Interscope Records",0.486,0.567,1,-6.456,1,0.0379,0.31,0,0.0949,0.154,93.68,4
spotify:track:1louJpMmzEicAn7lzDalPW,"No Promises (feat. Demi Lovato)","No Promises (feat. Demi Lovato)","Cheat Codes;Demi Lovato",2017-03-31,223503,67,false,791qjlx1xymqu60b4wrzoncpw,2021-09-21T11:55:16Z,"","Parlophone UK",0.741,0.667,10,-5.445,1,0.134,0.0575,0,0.106,0.595,112.956,4
spotify:track:2qT1uLXPVPzGgFOx4jtEuo,"no tears left to cry","Sweetener","Ariana Grande",2018-08-17,205920,81,false,791qjlx1xymqu60b4wrzoncpw,2021-09-21T11:55:19Z,"流行樂","Republic Records",0.699,0.713,9,-5.507,0,0.0594,0.04,0.00000311,0.294,0.354,121.993,4
spotify:track:2ZrHbO88rM6Ijeg0aJmSzl,"Patient","Voicenotes","Charlie Puth",2018-05-11,190533,59,false,791qjlx1xymqu60b4wrzoncpw,2021-09-21T11:55:21Z,"軟式流行樂","Artist Partner",0.675,0.604,1,-6.266,1,0.193,0.752,0,0.111,0.456,168.034,4
spotify:track:1XGmzt0PVuFgQYYnV2It7A,"Payphone","Overexposed Track By Track","Maroon 5;Wiz Khalifa",2012-01-01,231173,87,true,791qjlx1xymqu60b4wrzoncpw,2021-09-21T11:55:23Z,"流行樂","Interscope Records*",0.743,0.752,4,-4.813,1,0.0414,0.0188,0,0.287,0.545,110.015,4
spotify:track:3NLnwwAQbbFKcEcV8hDItk,"Perfect","Made In The A.M. (Deluxe Edition)","One Direction",2015-11-13,230341,83,false,791qjlx1xymqu60b4wrzoncpw,2021-09-21T11:55:26Z,"","Syco Music",0.648,0.822,11,-5.231,0,0.0749,0.0598,0,0.119,0.397,99.933,4
spotify:track:0tgVpDi06FyKpA1z0VMD4v,"Perfect","÷ (Deluxe)","Ed Sheeran",2017-03-03,263400,90,false,791qjlx1xymqu60b4wrzoncpw,2021-09-21T11:55:28Z,"軟式流行樂","Atlantic Records UK",0.599,0.448,8,-6.312,1,0.0232,0.163,0,0.106,0.168,95.05,3
spotify:track:1CUVN2kn7mW5FjkqXTR2W1,"Perfect Strangers","Perfect Strangers","Jonas Blue;JP Cooper",2016-06-03,196613,2,false,791qjlx1xymqu60b4wrzoncpw,2021-09-21T11:55:31Z,"熱帶浩室","Universal Music Group",0.742,0.819,1,-5.307,1,0.0487,0.372,0,0.277,0.709,117.986,4
spotify:track:7DvQTs0DsiKL9KAGafSayU,"Permission","Permission","New Hope Club",2019-02-01,194240,30,false,791qjlx1xymqu60b4wrzoncpw,2021-09-21T11:55:33Z,"","EMI",0.758,0.792,11,-6.127,1,0.0795,0.0675,0,0.112,0.782,105.019,4
spotify:track:44fXOB2eBG8uaQJGwh26Bk,"Physical","Physical","Dua Lipa",2020-01-30,193829,42,false,791qjlx1xymqu60b4wrzoncpw,2021-09-21T11:55:34Z,"流行樂","Urban",0.647,0.843,0,-3.756,1,0.0457,0.0137,0.000628,0.102,0.761,146.961,4
spotify:track:2hrUO4drrO63i7FYbCLBl2,"Rockabye (feat. Sean Paul & Anne-Marie)","What Is Love? (Deluxe Edition)","Clean Bandit;Anne-Marie;Sean Paul",2018-11-30,251173,83,false,791qjlx1xymqu60b4wrzoncpw,2021-09-21T11:55:37Z,"舞廳雷鬼","Atlantic Records UK",0.717,0.73,9,-4.729,0,0.0568,0.383,0,0.398,0.792,102.002,4
spotify:track:3ebXMykcMXOcLeJ9xZ17XH,"Scared to Be Lonely","Scared to Be Lonely","Martin Garrix;Dua Lipa",2017-01-27,220883,81,false,791qjlx1xymqu60b4wrzoncpw,2021-09-21T11:55:39Z,"電子舞曲,漸進浩室,電子音樂,流行樂","Epic Amsterdam",0.584,0.54,1,-7.786,0,0.0576,0.0895,0,0.261,0.195,137.972,4
spotify:track:66VenHDtrQAw7FCjyF2J56,"The Christmas Song (Shawn Mendes & Camila Cabello)","Wonder (Holiday Deluxe)","Shawn Mendes;Camila Cabello",2020-12-05,196254,37,false,791qjlx1xymqu60b4wrzoncpw,2021-09-21T11:55:50Z,"","Shawn Mendes LP4-5 PS/ Island",0.341,0.181,2,-12.073,0,0.0366,0.888,0,0.137,0.212,83.608,4
spotify:track:5jpNBhgAk5OmfB0W5i5NaO,"Piece Of You","Wonder","Shawn Mendes",2020-12-04,175781,52,false,791qjlx1xymqu60b4wrzoncpw,2021-09-21T11:55:53Z,"","Shawn Mendes LP4-5 PS/ Island",0.757,0.628,6,-3.944,1,0.077,0.0147,0,0.05,0.609,100.004,4
spotify:track:2Z8yfpFX0ZMavHkcIeHiO1,"Monster (Shawn Mendes & Justin Bieber)","Monster","Shawn Mendes;Justin Bieber",2020-11-20,178994,69,false,791qjlx1xymqu60b4wrzoncpw,2021-09-21T11:56:09Z,"","Shawn Mendes LP4-5 PS/ Island",0.652,0.383,2,-7.076,0,0.0516,0.0676,0,0.0828,0.549,145.765,4
spotify:track:3DXncPQOG4VBw3QHh3S817,"I'm the One (feat. Justin Bieber, Quavo, Chance the Rapper & Lil Wayne)","Grateful","DJ Khaled;Justin Bieber;Quavo;Chance the Rapper;Lil Wayne",2017-06-22,288600,75,true,791qjlx1xymqu60b4wrzoncpw,2021-09-21T11:56:13Z,"饒舌樂,嘻哈樂","Epic/We The Best",0.609,0.668,7,-4.284,1,0.0367,0.0552,0,0.167,0.811,80.924,4
spotify:track:1SJtlNRJDeYHioymcvsqev,"Crying in the Club","Crying in the Club","Camila Cabello",2017-05-18,216391,68,false,791qjlx1xymqu60b4wrzoncpw,2021-09-21T11:56:16Z,"","Syco Music/Epic",0.334,0.617,6,-5.834,0,0.383,0.334,0,0.163,0.603,85.227,4
spotify:track:29JrmE89KgRyCxBIzq2Ocw,"Strip That Down (feat. Quavo)","LP1","Liam Payne;Quavo",2019-12-06,202061,71,false,791qjlx1xymqu60b4wrzoncpw,2021-09-21T11:56:18Z,"","Capitol Records UK / EMI",0.873,0.495,6,-5.446,1,0.0518,0.199,0,0.0805,0.546,106.033,4
spotify:track:0zzVTGyRrWpQu8Fr28NRAv,"OK Not To Be OK","OK Not To Be OK","Marshmello;Demi Lovato",2020-09-10,159862,61,false,791qjlx1xymqu60b4wrzoncpw,2021-09-21T11:56:20Z,"電子舞曲","Joytime Collective",0.743,0.837,1,-5.025,0,0.0649,0.0172,0,0.0743,0.263,103.072,4
spotify:track:6Im9k8u9iIzKMrmV7BWtlF,"34+35","Positions","Ariana Grande",2020-10-30,173710,78,true,791qjlx1xymqu60b4wrzoncpw,2021-09-21T11:56:22Z,"流行樂","Republic Records",0.83,0.585,0,-6.476,1,0.094,0.237,0,0.248,0.485,109.978,4
spotify:track:6mQLN3zRtAp6ovjusyYKrV,"Rewrite The Stars (with James Arthur & Anne-Marie)","Rewrite The Stars (with James Arthur & Anne-Marie)","James Arthur;Anne-Marie",2018-10-25,218293,80,false,791qjlx1xymqu60b4wrzoncpw,2021-09-21T11:56:24Z,"軟式流行樂","Atlantic Records",0.67,0.743,10,-4.993,1,0.0393,0.237,0,0.465,0.571,125.944,4
spotify:track:6W5RmgWh46p9RQ4LDezHKE,"Flashlight (Sweet Life Mix) - From ""Pitch Perfect 2"" Soundtrack","Pitch Perfect 2 - Special Edition (Original Motion Picture Soundtrack)","Hailee Steinfeld",2015-05-12,178320,57,false,791qjlx1xymqu60b4wrzoncpw,2021-09-21T11:56:25Z,"","UME – PP2 OST",0.517,0.623,3,-6.35,1,0.0715,0.327,0,0.127,0.278,148.045,4
spotify:track:5EbX5xL3O2xT8FxCpYzgUO,"How Far I'll Go - From ""Moana""","How Far I'll Go (From ""Moana"")","Alessia Cara;Disney",2016-10-28,175517,61,false,791qjlx1xymqu60b4wrzoncpw,2021-09-21T11:56:28Z,"","Walt Disney Records",0.309,0.544,9,-9.621,1,0.352,0.155,0.000265,0.0727,0.16,180.979,4
spotify:track:3wuR0YSNdT9rgWfFi1lctv,"Million Ways","Million Ways","HRVY",2019-11-08,169887,54,false,791qjlx1xymqu60b4wrzoncpw,2021-09-21T11:56:29Z,"","EMI",0.645,0.803,6,-4.819,1,0.034,0.0312,0,0.13,0.471,106.03,4
spotify:track:4nVBt6MZDDP6tRVdQTgxJg,"Story of My Life","Midnight Memories (Deluxe)","One Direction",2013-11-25,245490,86,false,791qjlx1xymqu60b4wrzoncpw,2021-09-21T11:56:31Z,"","Syco Music",0.6,0.663,3,-5.802,1,0.0477,0.225,0,0.119,0.286,121.07,4
spotify:track:7F9vK8hNFMml4GtHsaXui6,"Back to You (feat. Bebe Rexha & Digital Farm Animals)","Back to You (feat. Bebe Rexha & Digital Farm Animals)","Louis Tomlinson;Bebe Rexha;Digital Farm Animals",2017-07-21,190427,65,true,791qjlx1xymqu60b4wrzoncpw,2021-09-21T11:56:33Z,"","Syco Music",0.683,0.53,5,-4.918,0,0.142,0.207,0,0.394,0.645,75.016,4
spotify:track:49COPp81lGS9Hl9OwKlsKl,"Polaroid","Blue","Jonas Blue;Liam Payne;Lennon Stella",2018-11-09,193377,64,false,791qjlx1xymqu60b4wrzoncpw,2021-09-21T11:56:34Z,"熱帶浩室","Positiva",0.652,0.898,7,-4.481,0,0.0361,0.29,0,0.073,0.472,114.043,4
spotify:track:72jbDTw1piOOj770jWNeaG,"Paris","Memories...Do Not Open","The Chainsmokers",2017-04-07,221506,82,false,791qjlx1xymqu60b4wrzoncpw,2021-09-21T11:56:37Z,"","Disruptor Records/Columbia",0.653,0.658,2,-6.428,1,0.0304,0.0215,0.00000166,0.0939,0.219,99.99,4
spotify:track:74vs7PD7iG2GnWUGnb8Yuq,"Middle Of The Night","Night & Day (Night Edition)","The Vamps;Martin Jensen",2017-07-14,174600,54,false,791qjlx1xymqu60b4wrzoncpw,2021-09-21T11:56:39Z,"","EMI",0.588,0.749,11,-4.323,0,0.058,0.0037,0,0.0813,0.397,130.093,4
spotify:track:2P91MQbaiQOfbiz9VqhqKQ,"I Like Me Better","I met you when I was 18. (the playlist)","Lauv",2018-05-31,197436,4,false,791qjlx1xymqu60b4wrzoncpw,2021-09-21T11:56:41Z,"","Lauv",0.752,0.505,9,-7.621,1,0.253,0.535,0.00000255,0.104,0.419,91.97,4
spotify:track:7wLK9PAeZMBDVKsm7ptOMn,"positions","positions","Ariana Grande",2020-10-23,172324,0,false,791qjlx1xymqu60b4wrzoncpw,2021-09-21T11:56:43Z,"流行樂","Republic Records",0.734,0.806,5,-4.82,1,0.0881,0.457,0,0.0936,0.616,144.028,4
spotify:track:4y4spB9m0Q6026KfkAvy9Q,"Lonely (with benny blanco)","Lonely (with benny blanco)","Justin Bieber;benny blanco",2020-10-16,149297,70,true,791qjlx1xymqu60b4wrzoncpw,2021-09-21T11:56:45Z,"","Friends Keep Secrets/Def Jam Recordings/Interscope Records",0.631,0.239,11,-7.071,0,0.0398,0.864,0,0.116,0.0927,79.859,4
spotify:track:5u1n1kITHCxxp8twBcZxWy,"Holy (feat. Chance The Rapper)","Holy","Justin Bieber;Chance the Rapper",2020-09-18,212093,70,false,791qjlx1xymqu60b4wrzoncpw,2021-09-21T11:56:49Z,"","RBMG/Def Jam",0.673,0.704,6,-8.056,1,0.36,0.196,0,0.0898,0.372,86.919,4
spotify:track:5GhJIMWAw0uMLgkdbt6uMz,"Fallin’ (Adrenaline)","Fallin’ (Adrenaline)","Why Don't We",2020-09-29,216504,57,false,791qjlx1xymqu60b4wrzoncpw,2021-09-21T11:56:53Z,"","Atlantic Records",0.606,0.9,0,-4.504,1,0.119,0.0101,0,0.075,0.233,133.963,4
spotify:track:2GyA33q5rti5IxkMQemRDH,"I Know What You Did Last Summer","Handwritten","Shawn Mendes;Camila Cabello",2015-04-14,223853,78,false,791qjlx1xymqu60b4wrzoncpw,2021-09-21T11:56:55Z,"","Island Records",0.687,0.761,9,-4.582,0,0.0876,0.102,0,0.147,0.743,113.939,4
spotify:track:6v3KW9xbzN5yKLt9YKDYA2,"Señorita","Shawn Mendes (Deluxe)","Shawn Mendes;Camila Cabello",2019-06-19,190799,82,false,791qjlx1xymqu60b4wrzoncpw,2021-09-21T11:56:58Z,"","Island Records",0.759,0.548,9,-6.049,0,0.0289,0.0379,0,0.0828,0.75,116.963,4
spotify:track:7xoUc6faLbCqZO6fQEYprd,"One Last Time","My Everything (Deluxe)","Ariana Grande",2014-08-22,197266,86,false,791qjlx1xymqu60b4wrzoncpw,2021-09-21T11:57:00Z,"流行樂","Universal Records",0.628,0.593,8,-5.036,1,0.0323,0.093,0.00000165,0.096,0.104,125.025,4
spotify:track:1WkMMavIMc4JZ8cfMmxHkI,"CAN'T STOP THE FEELING! (from DreamWorks Animation's ""TROLLS"")","TROLLS (Original Motion Picture Soundtrack)","Justin Timberlake",2016-09-23,237546,74,false,791qjlx1xymqu60b4wrzoncpw,2021-09-21T11:57:02Z,"","Villa 40/RCA Records",0.669,0.832,0,-5.721,1,0.0682,0.0106,0,0.0968,0.7,113.035,4
spotify:track:4S1GTwPVpkSy7CsJIDKPEz,"You Deserve Better","You Deserve Better / At My Weakest","James Arthur",2018-06-01,207746,46,false,791qjlx1xymqu60b4wrzoncpw,2021-09-21T11:57:04Z,"軟式流行樂","Columbia Local",0.516,0.56,6,-7.116,0,0.486,0.0322,0,0.15,0.696,98.94,4
spotify:track:69vToJ9BMbbLlFZo7k7A7B,"You Are The Reason","Only Human (Deluxe)","Calum Scott",2018-03-09,204326,80,false,791qjlx1xymqu60b4wrzoncpw,2021-09-21T11:57:06Z,"軟式流行樂","Capitol Records (US1A)",0.329,0.235,10,-7.699,1,0.0303,0.918,0,0.137,0.22,171.006,3
spotify:track:6WbADFqMvR8N5u0BvtsWQE,"Without You (feat. Sandro Cavazza)","AVĪCI (01)","Avicii;Sandro Cavazza",2017-08-10,181672,6,true,791qjlx1xymqu60b4wrzoncpw,2021-09-21T11:57:07Z,"電子舞曲","Universal Music Group",0.652,0.855,2,-4.832,1,0.0441,0.00179,0,0.0404,0.279,134.009,4
spotify:track:73h4oe03sZy8bXfQLfnqMv,"Who's Laughing Now","Who's Laughing Now","Ava Max",2020-07-30,180348,0,false,791qjlx1xymqu60b4wrzoncpw,2021-09-21T11:57:09Z,"","Atlantic Records",0.648,0.641,7,-5.521,1,0.0389,0.00565,0.00000363,0.109,0.505,184.021,4
spotify:track:0GxQ1A5L9xnMOytbP6eKBG,"What Lovers Do (feat. SZA)","Red Pill Blues (Deluxe)","Maroon 5;SZA",2018-06-15,199849,75,false,791qjlx1xymqu60b4wrzoncpw,2021-09-21T11:57:12Z,"流行樂,節奏藍調","Interscope Records*",0.8,0.598,5,-5.131,0,0.0617,0.0798,0.00000547,0.1,0.422,109.998,4
spotify:track:4B0JvthVoAAuygILe3n4Bs,"What Do You Mean?","Purpose (Deluxe)","Justin Bieber",2015-11-13,205680,86,false,791qjlx1xymqu60b4wrzoncpw,2021-09-21T11:57:14Z,"","RBMG/Def Jam",0.845,0.567,5,-8.118,0,0.0956,0.59,0.00142,0.0811,0.793,125.02,4
spotify:track:1HimGOB6BjOaCQYMIF1xtU,"What Am I","What Am I","Why Don't We",2019-08-23,184665,57,false,791qjlx1xymqu60b4wrzoncpw,2021-09-21T11:57:16Z,"","Atlantic Records",0.614,0.647,0,-4.681,0,0.0524,0.0687,0,0.104,0.368,163.862,4
spotify:track:06KyNuuMOX1ROXRhj787tj,"We Don't Talk Anymore (feat. Selena Gomez)","Nine Track Mind","Charlie Puth;Selena Gomez",2016-01-29,217706,81,false,791qjlx1xymqu60b4wrzoncpw,2021-09-21T11:57:18Z,"軟式流行樂","Artist Partner",0.728,0.563,1,-8.053,0,0.134,0.621,0,0.179,0.352,100.017,4
spotify:track:6hLkeOMrhZ2CMLBp2of576,"Wanted","Wanted","OneRepublic",2019-09-06,136247,51,false,791qjlx1xymqu60b4wrzoncpw,2021-09-21T11:57:20Z,"軟式流行樂","Mosley Music/Interscope Records",0.668,0.534,1,-6.586,1,0.0677,0.164,0,0.1,0.711,145.816,4
spotify:track:3QGsuHI8jO1Rx4JWLUh9jd,"Treat You Better","Illuminate","Shawn Mendes",2017-04-20,187973,88,false,791qjlx1xymqu60b4wrzoncpw,2021-09-21T11:57:23Z,"","Island Records",0.443,0.82,10,-4.091,0,0.34,0.107,0,0.107,0.771,82.697,4
spotify:track:2NkbRmygVirMQFCjSkyY7Q,"Too Much To Ask","Too Much To Ask","Niall Horan",2017-09-14,223043,43,true,791qjlx1xymqu60b4wrzoncpw,2021-09-21T11:57:25Z,"","Capitol Records (US1A)",0.508,0.534,0,-6.522,1,0.0376,0.366,0,0.126,0.222,153.61,4
spotify:track:27u7t9d7ZQoyjsCROHuZJ3,"Tick Tock (feat. 24kGoldn)","Tick Tock (feat. 24kGoldn)","Clean Bandit;Mabel;24kGoldn",2020-08-21,178373,67,false,791qjlx1xymqu60b4wrzoncpw,2021-09-21T11:57:27Z,"","Atlantic Records UK",0.779,0.705,0,-3.895,1,0.0344,0.369,0.00000791,0.124,0.946,101.022,4
spotify:track:3vncluU9e0z6mdXt8hRP37,"This Summer","V (Asia Tour Edition)","Maroon 5",2015-05-18,224400,39,true,791qjlx1xymqu60b4wrzoncpw,2021-09-21T11:57:30Z,"流行樂","Interscope Records*",0.54,0.766,4,-5.148,0,0.07,0.000248,0,0.641,0.176,98.932,4
spotify:track:4NBTZtAt1F13VvlSKe6KTl,"This Feeling","Sick Boy","The Chainsmokers;Kelsea Ballerini",2018-12-14,197946,75,false,791qjlx1xymqu60b4wrzoncpw,2021-09-21T11:57:33Z,"鄉村音樂,流行鄉村音樂","Disruptor Records/Columbia",0.575,0.571,1,-7.906,1,0.0439,0.0558,0,0.0912,0.449,105.049,4
spotify:track:72C7aUQECOhNtnD0AC36ua,"They Don't Know About Us","Take Me Home: Yearbook Edition","One Direction",2012-11-09,201693,1,false,791qjlx1xymqu60b4wrzoncpw,2021-09-21T11:57:35Z,"","Syco Music UK",0.512,0.754,0,-6.031,1,0.0549,0.135,0,0.0881,0.336,147.89,4
spotify:track:7JJmb5XwzOO8jgpou264Ml,"There's Nothing Holdin' Me Back","Illuminate (Deluxe)","Shawn Mendes",2017-04-20,199440,88,false,791qjlx1xymqu60b4wrzoncpw,2021-09-21T11:57:36Z,"","Island Records",0.866,0.811,11,-4.063,0,0.0553,0.375,0,0.078,0.969,121.995,4
spotify:track:0KKkJNfGyhkQ5aFogxQAPU,"That's What I Like","24K Magic","Bruno Mars",2016-11-18,206693,92,false,791qjlx1xymqu60b4wrzoncpw,2021-09-21T11:57:39Z,"","Atlantic Records",0.853,0.56,1,-4.961,1,0.0406,0.013,0,0.0944,0.86,134.066,4
spotify:track:1JRK7srBWUtAW7dPabKBwJ,"Teeth","Teeth","5 Seconds of Summer",2019-08-21,204887,1,false,791qjlx1xymqu60b4wrzoncpw,2021-09-21T11:57:41Z,"","5 Seconds of Summer/Interscope Records",0.755,0.448,3,-2.993,0,0.0405,0.0508,0.00000387,0.11,0.431,139.028,4
spotify:track:7py16W5fWYLFFS6BElKAjn,"Tears (feat. Louisa Johnson)","Tears (feat. Louisa Johnson)","Clean Bandit;Louisa Johnson",2016-05-27,225914,57,false,791qjlx1xymqu60b4wrzoncpw,2021-09-21T11:57:43Z,"","Atlantic Records UK",0.605,0.77,5,-3.645,0,0.0446,0.0431,0,0.159,0.298,130.037,4
spotify:track:1x5sYLZiu9r5E43kMlt9f8,"Symphony (feat. Zara Larsson)","Symphony (feat. Zara Larsson)","Clean Bandit;Zara Larsson",2017-03-16,212459,78,false,791qjlx1xymqu60b4wrzoncpw,2021-09-21T11:57:45Z,"","Atlantic Records UK",0.707,0.629,0,-4.581,0,0.0563,0.259,0.000016,0.138,0.457,122.863,4
spotify:track:25sgk305KZfyuqVBQIahim,"Sweet but Psycho","Sweet but Psycho","Ava Max",2018-08-17,187436,6,false,791qjlx1xymqu60b4wrzoncpw,2021-09-21T11:57:47Z,"","Atlantic Records",0.719,0.704,1,-4.724,1,0.0476,0.0691,0,0.166,0.628,133.002,4
spotify:track:5d6Mjuu2uCGRPYpFjGpCX5,"Sugar","V (Asia Tour Edition)","Maroon 5",2015-05-18,235493,72,true,791qjlx1xymqu60b4wrzoncpw,2021-09-21T11:57:49Z,"流行樂","Interscope Records*",0.748,0.788,1,-7.055,1,0.0334,0.0591,0,0.0863,0.884,120.076,4
spotify:track:3zkWCteF82vJwv0hRLba76,"Stitches","Handwritten","Shawn Mendes",2015-04-14,206880,8,false,791qjlx1xymqu60b4wrzoncpw,2021-09-21T11:57:51Z,"","Island Records",0.752,0.754,1,-6.684,1,0.0615,0.0151,0,0.0486,0.755,149.789,4
spotify:track:6uBhi9gBXWjanegOb2Phh0,"Stay","Stay","Zedd;Alessia Cara",2017-02-23,210090,79,false,791qjlx1xymqu60b4wrzoncpw,2021-09-21T11:57:55Z,"電子舞曲","UMGRI Interscope",0.69,0.622,5,-5.025,0,0.0622,0.253,0,0.116,0.544,102.04,4
spotify:track:2DGa7iaidT5s0qnINlwMjJ,"The Spectre","The Spectre","Alan Walker",2017-09-15,193787,74,false,791qjlx1xymqu60b4wrzoncpw,2021-09-21T11:57:57Z,"","Kreatell Music",0.654,0.711,1,-7.437,0,0.0383,0.0214,0.00191,0.0903,0.198,127.957,4
spotify:track:6RUKPb4LETWmmr3iAEQktW,"Something Just Like This","Memories...Do Not Open","The Chainsmokers;Coldplay",2017-04-07,247160,89,false,791qjlx1xymqu60b4wrzoncpw,2021-09-21T11:58:05Z,"","Disruptor Records/Columbia",0.617,0.635,11,-6.769,0,0.0317,0.0498,0.0000144,0.164,0.446,103.019,4
spotify:track:7J7D2Ezp32LxlYuNTZX48n,"So Far Away (feat. Jamie Scott & Romy Dya) - Nicky Romero Remix","So Far Away (feat. Jamie Scott & Romy Dya) [Remixes Vol. 1]","Martin Garrix;David Guetta;Jamie Scott;Romy Dya;Nicky Romero",2017-12-29,342857,31,false,791qjlx1xymqu60b4wrzoncpw,2021-09-21T11:58:07Z,"電子舞曲,漸進浩室,電子音樂,big room,電子浩室","Epic Amsterdam",0.569,0.493,6,-4.89,0,0.0443,0.0196,0.0001,0.0417,0.242,125.967,4
spotify:track:0uUNN1nSoUx1A4fkDCWDQ7,"So Am I","So Am I","Ava Max",2019-03-07,183026,2,false,791qjlx1xymqu60b4wrzoncpw,2021-09-21T11:58:10Z,"","Atlantic Records",0.682,0.656,6,-4.67,1,0.0435,0.0737,0,0.353,0.607,130.089,4
spotify:track:7qiZfU4dY1lWllzX7mPBI3,"Shape of You","÷ (Deluxe)","Ed Sheeran",2017-03-03,233712,91,false,791qjlx1xymqu60b4wrzoncpw,2021-09-21T11:58:12Z,"軟式流行樂","Atlantic Records UK",0.825,0.652,1,-3.183,0,0.0802,0.581,0,0.0931,0.931,95.977,4
spotify:track:2JzZzZUQj3Qff7wapcbKjc,"See You Again (feat. Charlie Puth)","See You Again (feat. Charlie Puth)","Wiz Khalifa;Charlie Puth",2015,229525,85,false,791qjlx1xymqu60b4wrzoncpw,2021-09-21T11:58:15Z,"軟式流行樂","Atlantic Records",0.689,0.481,10,-7.503,1,0.0815,0.369,0.00000103,0.0649,0.283,80.025,4
spotify:track:5uSFGgIfHMT3osrAd9n9ym,"Forget Me","Forget Me","Lewis Capaldi",2022-09-09,203472,3,false,791qjlx1xymqu60b4wrzoncpw,2022-10-06T23:53:39Z,"軟式流行樂","Vertigo Berlin",0.437,0.746,1,-3.537,0,0.0846,0.255,0,0.37,0.688,203.835,4
spotify:track:3KkXRkHbMCARz0aVfEt68P,"Sunflower - Spider-Man: Into the Spider-Verse","Spider-Man: Into the Spider-Verse (Soundtrack From & Inspired by the Motion Picture)","Post Malone;Swae Lee",2018-12-14,158040,85,false,791qjlx1xymqu60b4wrzoncpw,2023-04-30T16:07:56Z,"","Universal Records",0.76,0.478,2,-5.574,1,0.0467,0.552,0,0.0703,0.913,89.908,4
spotify:track:6qYkmqFsXbj8CQjAdbYz07,"Blinding Lights","Blinding Lights","The Weeknd",2020-09-11,200045,64,false,791qjlx1xymqu60b4wrzoncpw,2023-04-30T16:08:38Z,"","The Weeknd/Lyric",0.515,0.726,1,-5.926,1,0.0547,0.00152,0.00015,0.087,0.35,170.987,4
spotify:track:5vxYlfDlOeNRx9YgE9k2dQ,"Hollow - Lø's Version","Hollow (Lø's Version)","Lø Spirit;Dabin;Kai Wachi",2023-02-24,225103,53,false,791qjlx1xymqu60b4wrzoncpw,2023-05-04T16:28:49Z,"旋律貝斯,未來貝斯,電子舞曲,chillstep,迴響貝斯,deathstep,riddim,貝斯音樂","Kannibalen Records",0.473,0.525,2,-7.26,0,0.0355,0.173,0,0.161,0.305,144.978,4
spotify:track:58zsLZPvfflaiIbNWoA22O,"Human","Human (Deluxe)","Rag'n'Bone Man",2017-02-10,200192,81,false,791qjlx1xymqu60b4wrzoncpw,2023-08-26T15:20:35Z,"","Best Laid Plans/Columbia",0.602,0.707,9,-4.097,1,0.302,0.393,0,0.165,0.554,75.087,4
spotify:track:6maTPqynTmrkWIralgGaoP,"If We Ever Broke Up","If We Ever Broke Up","Mae Stephens",2023-02-10,142758,69,true,791qjlx1xymqu60b4wrzoncpw,2023-09-03T16:33:20Z,"","EMI",0.898,0.734,7,-4.028,1,0.0427,0.587,0.00000518,0.0912,0.94,115.948,4
spotify:track:48QmG1dfvMuYLxMPt7KSRA,"No Lie","Mad Love The Prequel","Sean Paul;Dua Lipa",2018-06-29,221176,88,false,791qjlx1xymqu60b4wrzoncpw,2023-09-04T05:30:48Z,"舞廳雷鬼,流行樂","Universal-Island Records Ltd.",0.742,0.882,7,-2.862,1,0.117,0.0466,0,0.206,0.463,102.04,4
spotify:track:7mykoq6R3BArsSpNDjFQTm,"I Really Want to Stay at Your House","Cyberpunk 2077: Radio, Vol. 2 (Original Soundtrack)","Rosa Walton;Hallie Coggins",2020-12-18,246652,79,false,791qjlx1xymqu60b4wrzoncpw,2023-09-04T05:31:10Z,"","Lakeshore Records",0.49,0.738,3,-7.399,0,0.0367,0.00237,0.00000458,0.0851,0.126,124.966,4
spotify:track:2P4OICZRVAQcYAV2JReRfj,"Waiting For Love","Stories","Avicii",2015-10-02,230613,85,false,791qjlx1xymqu60b4wrzoncpw,2023-09-05T04:42:15Z,"電子舞曲","Pophouse Entertainment Group",0.579,0.736,6,-3.863,0,0.0527,0.31,0,0.198,0.613,127.999,4
spotify:track:73GKs8oNFFmtomWj7EsSU0,"Last Resort - Reimagined","Last Resort (Reimagined)","Falling In Reverse",2023-06-26,283714,62,true,791qjlx1xymqu60b4wrzoncpw,2023-09-11T10:39:44Z,"emo,饒舌金屬樂","Epitaph",0.356,0.333,5,-6.892,0,0.0314,0.317,0,0.0849,0.12,140.133,4
spotify:track:5XUuldRjPXcP5QxyEN4IXT,"Voices In My Head","Voices In My Head","Falling In Reverse",2022-05-31,191414,64,true,791qjlx1xymqu60b4wrzoncpw,2023-09-11T10:41:17Z,"emo,饒舌金屬樂","Epitaph",0.546,0.898,2,-3.067,0,0.162,0.0266,0,0.129,0.639,173.17,4
spotify:track:4RxyIfOAN8HsjBBoKKt0A4,"Fly Me to the Moon","Fly Me to the Moon","Joytastic Sarah",2019-10-16,190902,51,false,791qjlx1xymqu60b4wrzoncpw,2023-09-12T08:18:56Z,"","991577 Records DK",0.721,0.2,6,-16.09,0,0.041,0.921,0.0159,0.0983,0.157,144.027,4
spotify:track:3b9SvMTpQpHbBgbXI8kyp1,"Kodak","Kodak","WUGZ;Austin Prince;_noah",2023-08-29,193666,31,false,791qjlx1xymqu60b4wrzoncpw,2023-09-15T15:30:16Z,"","MOUSE BRAIN RECORDS",0.8,0.674,2,-7.366,1,0.216,0.689,0.0000358,0.117,0.498,90.03,4
spotify:track:6SZhocIn41GZ4mOF15r42Q,"Rising Up","Rising Up","Fate Under Fire",2023-08-04,194438,29,false,791qjlx1xymqu60b4wrzoncpw,2023-09-15T15:40:53Z,"","Fate Under Fire",0.567,0.754,5,-6.665,0,0.0334,0.0478,0.000154,0.163,0.608,77.992,4
spotify:track:5mjYQaktjmjcMKcUIcqz4s,"Strangers","Strangers","Kenya Grace",2023-09-01,172964,77,false,791qjlx1xymqu60b4wrzoncpw,2023-09-23T02:57:04Z,"","Warner Records/Major Recordings",0.628,0.523,11,-8.307,0,0.0946,0.701,0.00274,0.219,0.416,169.982,4
spotify:track:272Wknlq3GPjkoFUuLDHKx,"Doomsday","Doomsday","Jared Benjamin",2023-09-22,148640,55,true,791qjlx1xymqu60b4wrzoncpw,2024-01-14T16:06:32Z,"","Jared Benjamin Music",0.71,0.755,9,-4.568,0,0.27,0.0603,0,0.329,0.739,174.245,4
spotify:track:4NRdJDUsDOgckN1fGxhFdI,"Clown","Clown","John Michael Howell",2022-12-30,170400,48,false,791qjlx1xymqu60b4wrzoncpw,2024-01-14T16:06:57Z,"流行創作歌手","John Michael Howell",0.774,0.587,0,-6.765,1,0.0396,0.52,0,0.126,0.789,100.041,4
spotify:track:0F7FA14euOIX8KcbEturGH,"Old Town Road","7","Lil Nas X",2019-06-21,113000,75,false,791qjlx1xymqu60b4wrzoncpw,2024-04-17T17:50:20Z,"","Columbia",0.907,0.53,1,-6.112,1,0.127,0.0578,0.00000223,0.101,0.507,135.998,4
spotify:track:1SC5rEoYDGUK4NfG82494W,"MONTERO (Call Me By Your Name)","MONTERO","Lil Nas X",2021-09-17,137704,76,true,791qjlx1xymqu60b4wrzoncpw,2024-04-17T17:50:42Z,"","Columbia",0.593,0.503,8,-6.725,0,0.22,0.293,0,0.405,0.71,178.781,4
spotify:track:2UerDbZznc07mmGMD3WfHH,"it boy","it boy","bbno$",2024-05-24,145846,1,true,791qjlx1xymqu60b4wrzoncpw,2024-07-06T08:08:10Z,"","bbno$",0.763,0.885,9,-6.388,1,0.0552,0.00179,0.000601,0.278,0.821,129.983,4
spotify:track:4K9fCsfAZmLogvDKKIRgCa,"Tek It","Tek It (I Watch the Moon)","Cafuné",2019,191823,73,false,791qjlx1xymqu60b4wrzoncpw,2024-08-15T17:03:12Z,"","Elektra (NEK)",0.423,0.913,8,-5.354,1,0.0655,0.0000653,0,0.269,0.596,146.995,4
spotify:track:62bOmKYxYg7dhrC6gH9vFn,"Bye Bye Bye","No Strings Attached","*NSYNC",2000-03-21,200400,81,false,791qjlx1xymqu60b4wrzoncpw,2024-08-28T13:58:44Z,"","Jive",0.61,0.926,8,-4.843,0,0.0479,0.031,0.0012,0.0821,0.861,172.638,4
spotify:track:2iUXsYOEPhVqEBwsqP70rE,"Youngblood","Youngblood (Deluxe)","5 Seconds of Summer",2018-06-15,203417,82,false,791qjlx1xymqu60b4wrzoncpw,2024-09-08T07:28:56Z,"","Capitol",0.597,0.854,7,-5.114,0,0.463,0.0169,0,0.124,0.152,120.276,4
spotify:track:2plbrEY59IikOBgBGLjaoe,"Die With A Smile","Die With A Smile","Lady Gaga;Bruno Mars",2024-08-16,251667,92,false,791qjlx1xymqu60b4wrzoncpw,2024-11-05T11:55:43Z,"藝術流行樂,流行樂","Interscope",0.521,0.592,6,-7.777,0,0.0304,0.308,0,0.122,0.535,157.969,3
spotify:track:3be9ACTxtcL6Zm4vJRUiPG,"blue","blue","yung kai",2024-08-02,214357,83,false,791qjlx1xymqu60b4wrzoncpw,2025-02-01T17:03:38Z,"","BMG Rights Management (US) LLC",0.746,0.317,4,-11.982,1,0.0342,0.933,0.0186,0.121,0.585,97.49,3
spotify:track:5SPT1KuklXBFoBc5QdphOC,"The Way I Still Love You","Reynard Silva","Reynard Silva",2014-03-05,226829,61,false,791qjlx1xymqu60b4wrzoncpw,2025-02-26T15:00:38Z,"","Kurado Music, LLC",0.629,0.709,8,-4.334,1,0.0352,0.615,0,0.104,0.488,86.97,4
spotify:track:3SAga35lAPYdjj3qyfEsCF,"Feel It (From “Invincible”)","Feel It (From “Invincible”)","d4vd",2024-03-28,157974,80,false,791qjlx1xymqu60b4wrzoncpw,2025-04-08T07:19:26Z,"","Darkroom/Interscope Records",0.565,0.593,8,-5.864,1,0.0883,0.0288,0,0.215,0.429,120.509,4
spotify:track:3JsydWaf2Ev4ehaLUjj3SY,"Confident","Journals","Justin Bieber;Chance the Rapper",2014-05-13,248133,89,false,791qjlx1xymqu60b4wrzoncpw,2025-09-22T04:59:54Z,"","RBMG/Def Jam",0.741,0.565,5,-5.448,0,0.108,0.114,0,0.205,0.892,134.122,4
spotify:track:3qhlB30KknSejmIvZZLjOD,"End of Beginning","DECIDE","Djo",2022-09-16,159245,98,false,791qjlx1xymqu60b4wrzoncpw,2026-01-07T10:17:21Z,"","Djo",0.689,0.454,2,-7.643,1,0.0584,0.0351,0.00259,0.0707,0.912,159.982,4
spotify:track:2K87XMYnUMqLcX3zvtAF4G,"Drag Me Down","Made In The A.M. (Deluxe Edition)","One Direction",2015-11-13,192112,81,false,791qjlx1xymqu60b4wrzoncpw,2026-03-10T12:42:22Z,"","Syco Music",0.731,0.703,0,-5.672,0,0.0368,0.111,0,0.0657,0.595,138.111,4
spotify:track:0qOnSQQF0yzuPWsXrQ9paz,"Stereo Hearts (feat. Adam Levine)","The Papercut Chronicles II","Gym Class Heroes;Adam Levine",2011-11-11,210960,86,false,791qjlx1xymqu60b4wrzoncpw,2026-03-10T12:46:25Z,"","Decaydance/Fueled By Ramen",0.646,0.795,9,-3.293,1,0.0976,0.0319,0,0.267,0.796,89.99,4
spotify:track:43iIQbw5hx986dUEZbr3eN,"From The Start","Bewitched","Laufey",2023-09-08,169573,88,false,791qjlx1xymqu60b4wrzoncpw,2026-03-25T05:54:40Z,"","Laufey",0.554,0.339,1,-10.088,1,0.0779,0.886,0.00128,0.11,0.83,80.994,4
spotify:track:5pU2jicRzE4NAgXE7rOcKV,"I Will Survive","The Angry Birds Movie (Original Motion Picture Soundtrack)","Demi Lovato",2016-05-06,245986,73,false,791qjlx1xymqu60b4wrzoncpw,2026-03-25T05:56:11Z,"","Atlantic Records",0.661,0.94,11,-4.48,0,0.0614,0.0106,0,0.157,0.805,122.001,4
spotify:track:3mPAhyYswPqr9dCTAdCqyV,"1-800","bbno$","bbno$;Ironmouse",2025-10-17,209520,78,true,791qjlx1xymqu60b4wrzoncpw,2026-03-25T15:44:24Z,"","bbno$$",0.66,0.959,8,-3.602,0,0.0485,0.0228,0.00503,0.0794,0.883,131.975,4
spotify:track:5MMLS3xm12D7N26xlfFApr,"Runaway Baby","Doo-Wops & Hooligans","Bruno Mars",2010-05-11,148448,77,false,791qjlx1xymqu60b4wrzoncpw,2026-03-26T01:28:01Z,"","Atlantic Records",0.658,0.762,10,-3.028,0,0.0425,0.263,0,0.127,0.823,163.864,4
